frame,r_lower_nm,r_upper_nm,g_r
0,0.0,0.025544337054000797,0.0
0,0.025544337054000797,0.051088674108001594,0.0
0,0.051088674108001594,0.07663301116200238,0.0
0,0.07663301116200238,0.10217734821600319,0.0
0,0.10217734821600319,0.127721685270004,0.0
0,0.127721685270004,0.15326602232400477,0.0
0,0.15326602232400477,0.17881035937800557,0.0
0,0.17881035937800557,0.20435469643200638,0.0
0,0.20435469643200638,0.22989903348600718,0.0
0,0.22989903348600718,0.255443370540008,0.0
0,0.255443370540008,0.28098770759400876,0.0
0,0.28098770759400876,0.30653204464800954,0.0
0,0.30653204464800954,0.33207638170201037,0.0
0,0.33207638170201037,0.35762071875601115,0.0
0,0.35762071875601115,0.383165055810012,0.0
0,0.383165055810012,0.40870939286401275,0.0
0,0.40870939286401275,0.43425372991801353,0.0
0,0.43425372991801353,0.45979806697201436,0.0
0,0.45979806697201436,0.48534240402601514,0.0
0,0.48534240402601514,0.510886741080016,0.11058188576592165
0,0.510886741080016,0.5364310781340167,1.5008794408277222
0,0.5364310781340167,0.5619754151880175,3.365851096885304
0,0.5619754151880175,0.5875197522420184,5.399147832672534
0,0.5875197522420184,0.6130640892960191,3.350424256483016
0,0.6130640892960191,0.6386084263500199,1.6113272782648995
0,0.6386084263500199,0.6641527634040207,0.45269990856607656
0,0.6641527634040207,0.6896971004580216,0.0
0,0.6896971004580216,0.7152414375120223,0.0
0,0.7152414375120223,0.7407857745660231,0.0
0,0.7407857745660231,0.766330111620024,0.43491588852173513
0,0.766330111620024,0.7918744486740247,0.7233188486358565
0,0.7918744486740247,0.8174187857280255,0.9748069963570991
1,0.0,0.02560684731232801,0.0
1,0.02560684731232801,0.05121369462465602,0.0
1,0.05121369462465602,0.07682054193698402,0.0
1,0.07682054193698402,0.10242738924931204,0.0
1,0.10242738924931204,0.12803423656164004,0.0
1,0.12803423656164004,0.15364108387396805,0.0
1,0.15364108387396805,0.17924793118629606,0.0
1,0.17924793118629606,0.20485477849862407,0.0
1,0.20485477849862407,0.2304616258109521,0.0
1,0.2304616258109521,0.25606847312328007,0.0
1,0.25606847312328007,0.2816753204356081,0.0
1,0.2816753204356081,0.3072821677479361,0.0
1,0.3072821677479361,0.33288901506026414,0.0
1,0.33288901506026414,0.3584958623725921,0.0
1,0.3584958623725921,0.38410270968492016,0.0
1,0.38410270968492016,0.40970955699724815,0.0
1,0.40970955699724815,0.43531640430957613,0.0
1,0.43531640430957613,0.4609232516219042,0.0
1,0.4609232516219042,0.48653009893423216,0.0
1,0.48653009893423216,0.5121369462465601,0.0
1,0.5121369462465601,0.5377437935588882,1.500879440827712
1,0.5377437935588882,0.5633506408712162,3.183913199756373
1,0.5633506408712162,0.5889574881835442,5.565275458293239
1,0.5889574881835442,0.6145643354958722,3.655008279799647
1,0.6145643354958722,0.6401711828082002,1.401154155012959
1,0.6401711828082002,0.6657780301205283,0.4526999085660758
1,0.6657780301205283,0.6913848774328563,0.0
1,0.6913848774328563,0.7169917247451842,0.0
1,0.7169917247451842,0.7425985720575122,0.05177428463640417
1,0.7425985720575122,0.7682054193698403,0.2416199380676298
1,0.7682054193698403,0.7938122666821683,0.94935598883456
1,0.7938122666821683,0.8194191139944963,0.720509519046553
2,0.0,0.025622010500591236,0.0
2,0.025622010500591236,0.05124402100118247,0.0
2,0.05124402100118247,0.07686603150177371,0.0
2,0.07686603150177371,0.10248804200236494,0.0
2,0.10248804200236494,0.12811005250295618,0.0
2,0.12811005250295618,0.15373206300354741,0.0
2,0.15373206300354741,0.17935407350413865,0.0
2,0.17935407350413865,0.20497608400472989,0.0
2,0.20497608400472989,0.23059809450532112,0.0
2,0.23059809450532112,0.25622010500591236,0.0
2,0.25622010500591236,0.2818421155065036,0.0
2,0.2818421155065036,0.30746412600709483,0.0
2,0.30746412600709483,0.33308613650768604,0.0
2,0.33308613650768604,0.3587081470082773,0.0
2,0.3587081470082773,0.38433015750886856,0.0
2,0.38433015750886856,0.40995216800945977,0.0
2,0.40995216800945977,0.435574178510051,0.0
2,0.435574178510051,0.46119618901064224,0.0
2,0.46119618901064224,0.4868181995112335,0.0
2,0.4868181995112335,0.5124402100118247,0.0
2,0.5124402100118247,0.5380622205124159,1.50087944082772
2,0.5380622205124159,0.5636842310130072,3.5477889940142275
2,0.5636842310130072,0.5893062415135984,5.149956394241509
2,0.5893062415135984,0.6149282520141897,4.035738308945438
2,0.6149282520141897,0.6405502625147809,0.9107502007584237
2,0.6405502625147809,0.6661722730153721,0.5820427395849572
2,0.6661722730153721,0.6917942835159634,0.0598832138865289
2,0.6917942835159634,0.7174162940165546,0.0
2,0.7174162940165546,0.7430383045171458,0.15532285390921238
2,0.7430383045171458,0.7686603150177371,0.14497196284057798
2,0.7686603150177371,0.7942823255183283,0.994563416874299
2,0.7942823255183283,0.8199043360189195,0.8052753448167367
3,0.0,0.02553381234811562,0.0
3,0.02553381234811562,0.05106762469623124,0.0
3,0.05106762469623124,0.07660143704434685,0.0
3,0.07660143704434685,0.10213524939246248,0.0
3,0.10213524939246248,0.1276690617405781,0.0
3,0.1276690617405781,0.1532028740886937,0.0
3,0.1532028740886937,0.17873668643680934,0.0
3,0.17873668643680934,0.20427049878492495,0.0
3,0.20427049878492495,0.22980431113304056,0.0
3,0.22980431113304056,0.2553381234811562,0.0
3,0.2553381234811562,0.28087193582927183,0.0
3,0.28087193582927183,0.3064057481773874,0.0
3,0.3064057481773874,0.33193956052550305,0.0
3,0.33193956052550305,0.3574733728736187,0.0
3,0.3574733728736187,0.38300718522173427,0.0
3,0.38300718522173427,0.4085409975698499,0.0
3,0.4085409975698499,0.43407480991796554,0.0
3,0.43407480991796554,0.4596086222660811,0.0
3,0.4596086222660811,0.48514243461419676,0.0
3,0.48514243461419676,0.5106762469623124,0.33174565729776506
3,0.5106762469623124,0.536210059310428,1.100644923273661
3,0.536210059310428,0.5617438716585437,4.275540582529975
3,0.5617438716585437,0.5872776840066593,4.568509704569079
3,0.5872776840066593,0.6128114963547748,3.4265702623121714
3,0.6128114963547748,0.6383453087028905,1.5412695705142492
3,0.6383453087028905,0.6638791210510061,0.5820427395849569
3,0.6638791210510061,0.6894129333991217,0.0
3,0.6894129333991217,0.7149467457472374,0.0
3,0.7149467457472374,0.740480558095353,0.20709713854561682
3,0.740480558095353,0.7660143704434685,0.048323987613526194
3,0.7660143704434685,0.7915481827915842,0.9041485607948151
3,0.7915481827915842,0.8170819951396998,0.8476582577018267
4,0.0,0.025633312473415423,0.0
4,0.025633312473415423,0.05126662494683085,0.0
4,0.05126662494683085,0.07689993742024627,0.0
4,0.07689993742024627,0.1025332498936617,0.0
4,0.1025332498936617,0.12816656236707713,0.0
4,0.12816656236707713,0.15379987484049254,0.0
4,0.15379987484049254,0.17943318731390795,0.0
4,0.17943318731390795,0.2050664997873234,0.0
4,0.2050664997873234,0.23069981226073882,0.0
4,0.23069981226073882,0.25633312473415426,0.0
4,0.25633312473415426,0.28196643720756964,0.0
4,0.28196643720756964,0.3075997496809851,0.0
4,0.3075997496809851,0.3332330621544005,0.0
4,0.3332330621544005,0.3588663746278159,0.0
4,0.3588663746278159,0.38449968710123134,0.0
4,0.38449968710123134,0.4101329995746468,0.0
4,0.4101329995746468,0.4357663120480622,0.0
4,0.4357663120480622,0.46139962452147765,0.0
4,0.46139962452147765,0.48703293699489303,0.0
4,0.48703293699489303,0.5126662494683085,0.3317456572977643
4,0.5126662494683085,0.5382995619417239,1.000586293885146
4,0.5382995619417239,0.5639328744151393,4.0936026854010565
4,0.5639328744151393,0.5895661868885548,5.0668925814311425
4,0.5895661868885548,0.6151994993619702,2.8174022156788934
4,0.6151994993619702,0.6408328118353855,2.171788940270088
4,0.6408328118353855,0.666466124308801,0.3233570775471974
4,0.666466124308801,0.6920994367822164,0.0
4,0.6920994367822164,0.7177327492556318,0.0
4,0.7177327492556318,0.7433660617290473,0.15532285390921186
4,0.7433660617290473,0.7689993742024627,0.1449719628405786
4,0.7689993742024627,0.7946326866758782,0.8137337047153331
4,0.7946326866758782,0.8202659991492935,0.9324240834720111
5,0.0,0.02547185471914999,0.0
5,0.02547185471914999,0.05094370943829998,0.0
5,0.05094370943829998,0.07641556415744997,0.0
5,0.07641556415744997,0.10188741887659997,0.0
5,0.10188741887659997,0.12735927359574994,0.0
5,0.12735927359574994,0.15283112831489995,0.0
5,0.15283112831489995,0.17830298303404996,0.0
5,0.17830298303404996,0.20377483775319993,0.0
5,0.20377483775319993,0.2292466924723499,0.0
5,0.2292466924723499,0.2547185471914999,0.0
5,0.2547185471914999,0.2801904019106499,0.0
5,0.2801904019106499,0.3056622566297999,0.0
5,0.3056622566297999,0.3311341113489499,0.0
5,0.3311341113489499,0.3566059660680999,0.0
5,0.3566059660680999,0.3820778207872499,0.0
5,0.3820778207872499,0.40754967550639987,0.0
5,0.40754967550639987,0.43302153022554984,0.0
5,0.43302153022554984,0.4584933849446998,0.0
5,0.4584933849446998,0.48396523966384986,0.0
5,0.48396523966384986,0.5094370943829998,0.11058188576592216
5,0.5094370943829998,0.5349089491021498,1.200703552662173
5,0.5349089491021498,0.5603808038212998,4.548447428223381
5,0.5603808038212998,0.5858526585404498,4.402382078948391
5,0.5858526585404498,0.6113245132595998,3.1219862389955213
5,0.6113245132595998,0.6367963679787498,1.8915581092674896
5,0.6367963679787498,0.6622682226978998,0.517371324075519
5,0.6622682226978998,0.6877400774170498,0.0
5,0.6877400774170498,0.7132119321361998,0.0
5,0.7132119321361998,0.7386837868553497,0.051774284636404246
5,0.7386837868553497,0.7641556415744998,0.2899439256811565
5,0.7641556415744998,0.7896274962936497,0.7685262766755973
5,0.7896274962936497,0.8150993510127997,0.9324240834720081
6,0.0,0.025467674063738958,0.0
6,0.025467674063738958,0.050935348127477915,0.0
6,0.050935348127477915,0.07640302219121688,0.0
6,0.07640302219121688,0.10187069625495583,0.0
6,0.10187069625495583,0.1273383703186948,0.0
6,0.1273383703186948,0.15280604438243375,0.0
6,0.15280604438243375,0.1782737184461727,0.0
6,0.1782737184461727,0.20374139250991166,0.0
6,0.20374139250991166,0.22920906657365062,0.0
6,0.22920906657365062,0.2546767406373896,0.0
6,0.2546767406373896,0.28014441470112855,0.0
6,0.28014441470112855,0.3056120887648675,0.0
6,0.3056120887648675,0.33107976282860646,0.0
6,0.33107976282860646,0.3565474368923454,0.0
6,0.3565474368923454,0.38201511095608437,0.0
6,0.38201511095608437,0.4074827850198233,0.0
6,0.4074827850198233,0.4329504590835623,0.0
6,0.4329504590835623,0.45841813314730123,0.0
6,0.45841813314730123,0.4838858072110402,0.0
6,0.4838858072110402,0.5093534812747792,0.11058188576592154
6,0.5093534812747792,0.5348211553385182,1.2007035526621745
6,0.5348211553385182,0.5602888294022571,4.366509531094449
6,0.5602888294022571,0.5857565034659961,4.817701143000117
6,0.5857565034659961,0.611224177529735,3.121986238995525
6,0.611224177529735,0.636691851593474,1.6813849860155483
6,0.636691851593474,0.6621595256572129,0.5173713240755171
6,0.6621595256572129,0.6876271997209519,0.0
6,0.6876271997209519,0.7130948737846908,0.0
6,0.7130948737846908,0.7385625478484298,0.0
6,0.7385625478484298,0.7640302219121687,0.2899439256811568
6,0.7640302219121687,0.7894978959759077,0.9493559888345584
6,0.7894978959759077,0.8149655700396466,0.8900411705869179
7,0.0,0.02554231930188949,0.0
7,0.02554231930188949,0.05108463860377898,0.0
7,0.05108463860377898,0.07662695790566847,0.0
7,0.07662695790566847,0.10216927720755796,0.0
7,0.10216927720755796,0.12771159650944744,0.0
7,0.12771159650944744,0.15325391581133693,0.0
7,0.15325391581133693,0.17879623511322643,0.0
7,0.17879623511322643,0.20433855441511592,0.0
7,0.20433855441511592,0.2298808737170054,0.0
7,0.2298808737170054,0.2554231930188949,0.0
7,0.2554231930188949,0.28096551232078437,0.0
7,0.28096551232078437,0.30650783162267387,0.0
7,0.30650783162267387,0.33205015092456336,0.0
7,0.33205015092456336,0.35759247022645285,0.0
7,0.35759247022645285,0.38313478952834235,0.0
7,0.38313478952834235,0.40867710883023184,0.0
7,0.40867710883023184,0.43421942813212133,0.0
7,0.43421942813212133,0.4597617474340108,0.0
7,0.4597617474340108,0.4853040667359003,0.0
7,0.4853040667359003,0.5108463860377898,0.11058188576592205
7,0.5108463860377898,0.5363887053396793,1.400820811439198
7,0.5363887053396793,0.5619310246415687,3.8206958397076556
7,0.5619310246415687,0.5874733439434583,4.900764955810447
7,0.5874733439434583,0.6130156632453477,3.731154285628809
7,0.6130156632453477,0.6385579825472373,1.401154155012954
7,0.6385579825472373,0.6641003018491267,0.32335707754719895
7,0.6641003018491267,0.6896426211510163,0.11976642777305785
7,0.6896426211510163,0.7151849404529057,0.0
7,0.7151849404529057,0.7407272597547953,0.051774284636404
7,0.7407272597547953,0.7662695790566847,0.14497196284057862
7,0.7662695790566847,0.7918118983585742,0.9945634168742968
7,0.7918118983585742,0.8173542176604637,0.8052753448167352
8,0.0,0.025649818172888195,0.0
8,0.025649818172888195,0.05129963634577639,0.0
8,0.05129963634577639,0.07694945451866458,0.0
8,0.07694945451866458,0.10259927269155278,0.0
8,0.10259927269155278,0.12824909086444097,0.0
8,0.12824909086444097,0.15389890903732917,0.0
8,0.15389890903732917,0.17954872721021736,0.0
8,0.17954872721021736,0.20519854538310556,0.0
8,0.20519854538310556,0.23084836355599375,0.0
8,0.23084836355599375,0.25649818172888195,0.0
8,0.25649818172888195,0.28214799990177014,0.0
8,0.28214799990177014,0.30779781807465834,0.0
8,0.30779781807465834,0.33344763624754653,0.0
8,0.33344763624754653,0.3590974544204347,0.0
8,0.3590974544204347,0.3847472725933229,0.0
8,0.3847472725933229,0.4103970907662111,0.0
8,0.4103970907662111,0.4360469089390993,0.0
8,0.4360469089390993,0.4616967271119875,0.0
8,0.4616967271119875,0.4873465452848757,0.0
8,0.4873465452848757,0.5129963634577639,0.33174565729776534
8,0.5129963634577639,0.538646181630652,0.9005276644966326
8,0.538646181630652,0.5642959998035403,4.093602685401045
8,0.5642959998035403,0.5899458179764285,4.983828768620797
8,0.5899458179764285,0.6155956361493167,3.1981322448246927
8,0.6155956361493167,0.6412454543222048,1.7514426937662009
8,0.6412454543222048,0.6668952724950931,0.45269990856607667
8,0.6668952724950931,0.6925450906679813,0.0
8,0.6925450906679813,0.7181949088408695,0.05560772660155
8,0.7181949088408695,0.7438447270137576,0.10354856927280855
8,0.7438447270137576,0.7694945451866458,0.2416199380676301
8,0.7694945451866458,0.7951443633595341,0.7233188486358525
8,0.7951443633595341,0.8207941815324222,1.0171899092421928
9,0.0,0.02555983587632086,0.0
9,0.02555983587632086,0.05111967175264172,0.0
9,0.05111967175264172,0.07667950762896258,0.0
9,0.07667950762896258,0.10223934350528344,0.0
9,0.10223934350528344,0.1277991793816043,0.0
9,0.1277991793816043,0.15335901525792517,0.0
9,0.15335901525792517,0.17891885113424602,0.0
9,0.17891885113424602,0.20447868701056687,0.0
9,0.20447868701056687,0.23003852288688773,0.0
9,0.23003852288688773,0.2555983587632086,0.0
9,0.2555983587632086,0.28115819463952946,0.0
9,0.28115819463952946,0.30671803051585034,0.0
9,0.30671803051585034,0.33227786639217116,0.0
9,0.33227786639217116,0.35783770226849204,0.0
9,0.35783770226849204,0.38339753814481287,0.0
9,0.38339753814481287,0.40895737402113375,0.0
9,0.40895737402113375,0.4345172098974546,0.0
9,0.4345172098974546,0.46007704577377545,0.0
9,0.46007704577377545,0.48563688165009633,0.0
9,0.48563688165009633,0.5111967175264172,0.3317456572977658
9,0.5111967175264172,0.5367565534027381,1.2007035526621699
9,0.5367565534027381,0.5623163892790589,3.4568200454497817
9,0.5623163892790589,0.5878762251553797,5.482211645482894
9,0.5878762251553797,0.6134360610317007,3.274278250653837
9,0.6134360610317007,0.6389958969080215,1.3310964472623115
9,0.6389958969080215,0.6645557327843423,0.6467141550943976
9,0.6645557327843423,0.6901155686606631,0.0
9,0.6901155686606631,0.7156754045369841,0.05560772660154975
9,0.7156754045369841,0.7412352404133049,0.15532285390921266
9,0.7412352404133049,0.7667950762896257,0.19329595045410491
9,0.7667950762896257,0.7923549121659467,0.40686685235766645
9,0.7923549121659467,0.8179147480422675,1.3138702994378308
10,0.0,0.02571386091333188,0.0
10,0.02571386091333188,0.05142772182666376,0.0
10,0.05142772182666376,0.07714158273999563,0.0
10,0.07714158273999563,0.10285544365332752,0.0
10,0.10285544365332752,0.1285693045666594,0.0
10,0.1285693045666594,0.15428316547999127,0.0
10,0.15428316547999127,0.17999702639332316,0.0
10,0.17999702639332316,0.20571088730665504,0.0
10,0.20571088730665504,0.23142474821998693,0.0
10,0.23142474821998693,0.2571386091333188,0.0
10,0.2571386091333188,0.2828524700466507,0.0
10,0.2828524700466507,0.30856633095998254,0.0
10,0.30856633095998254,0.3342801918733144,0.0
10,0.3342801918733144,0.3599940527866463,0.0
10,0.3599940527866463,0.3857079136999782,0.0
10,0.3857079136999782,0.4114217746133101,0.0
10,0.4114217746133101,0.437135635526642,0.0
10,0.437135635526642,0.46284949643997386,0.0
10,0.46284949643997386,0.48856335735330575,0.0
10,0.48856335735330575,0.5142772182666376,0.11058188576592173
10,0.5142772182666376,0.5399910791799695,1.2007035526621772
10,0.5399910791799695,0.5657049400933014,4.093602685401036
10,0.5657049400933014,0.5914188010066332,5.066892581431167
10,0.5914188010066332,0.6171326619199651,3.12198623899553
10,0.6171326619199651,0.642846522833297,1.4011541550129538
10,0.642846522833297,0.6685603837466289,0.7113855706038378
10,0.6685603837466289,0.6942742446599608,0.0
10,0.6942742446599608,0.7199881055732926,0.16682317980464995
10,0.7199881055732926,0.7457019664866246,0.0
10,0.7457019664866246,0.7714158273999564,0.24161993806763116
10,0.7714158273999564,0.7971296883132883,0.5876965645166295
10,0.7971296883132883,0.8228435492266202,1.144338647897468
11,0.0,0.025550891514823367,0.0
11,0.025550891514823367,0.051101783029646734,0.0
11,0.051101783029646734,0.0766526745444701,0.0
11,0.0766526745444701,0.10220356605929347,0.0
11,0.10220356605929347,0.12775445757411683,0.0
11,0.12775445757411683,0.1533053490889402,0.0
11,0.1533053490889402,0.17885624060376357,0.0
11,0.17885624060376357,0.20440713211858694,0.0
11,0.20440713211858694,0.2299580236334103,0.0
11,0.2299580236334103,0.25550891514823365,0.0
11,0.25550891514823365,0.281059806663057,0.0
11,0.281059806663057,0.3066106981778804,0.0
11,0.3066106981778804,0.33216158969270376,0.0
11,0.33216158969270376,0.35771248120752713,0.0
11,0.35771248120752713,0.3832633727223505,0.0
11,0.3832633727223505,0.4088142642371739,0.0
11,0.4088142642371739,0.43436515575199725,0.0
11,0.43436515575199725,0.4599160472668206,0.0
11,0.4599160472668206,0.485466938781644,0.0
11,0.485466938781644,0.5110178302964673,0.11058188576592204
11,0.5110178302964673,0.5365687218112907,0.7004104057196018
11,0.5365687218112907,0.562119613326114,5.094261119610192
11,0.562119613326114,0.5876705048409374,4.734637330189768
11,0.5876705048409374,0.6132213963557608,2.588964198191413
11,0.6132213963557608,0.6387722878705842,1.8915581092674916
11,0.6387722878705842,0.6643231793854075,0.5173713240755176
11,0.6643231793854075,0.6898740709002309,0.05988321388652911
11,0.6898740709002309,0.7154249624150543,0.11121545320309978
11,0.7154249624150543,0.7409758539298776,0.0517742846364041
11,0.7409758539298776,0.766526745444701,0.2899439256811568
11,0.766526745444701,0.7920776369595244,0.4972817084371494
11,0.7920776369595244,0.8176285284743477,1.1867215607825556
12,0.0,0.025617829566993645,0.0
12,0.025617829566993645,0.05123565913398729,0.0
12,0.05123565913398729,0.07685348870098094,0.0
12,0.07685348870098094,0.10247131826797458,0.0
12,0.10247131826797458,0.12808914783496822,0.0
12,0.12808914783496822,0.15370697740196188,0.0
12,0.15370697740196188,0.1793248069689555,0.0
12,0.1793248069689555,0.20494263653594916,0.0
12,0.20494263653594916,0.2305604661029428,0.0
12,0.2305604661029428,0.25617829566993644,0.0
12,0.25617829566993644,0.2817961252369301,0.0
12,0.2817961252369301,0.30741395480392375,0.0
12,0.30741395480392375,0.3330317843709174,0.0
12,0.3330317843709174,0.358649613937911,0.0
12,0.358649613937911,0.38426744350490466,0.0
12,0.38426744350490466,0.4098852730718983,0.0
12,0.4098852730718983,0.43550310263889197,0.0
12,0.43550310263889197,0.4611209322058856,0.0
12,0.4611209322058856,0.4867387617728792,0.0
12,0.4867387617728792,0.5123565913398729,0.0
12,0.5123565913398729,0.5379744209068665,0.8004690351081158
12,0.5379744209068665,0.5635922504738602,5.18523006817466
12,0.5635922504738602,0.5892100800408538,4.568509704569072
12,0.5892100800408538,0.6148279096078475,2.817402215678887
12,0.6148279096078475,0.6404457391748412,1.8215004015168448
12,0.6404457391748412,0.6660635687418348,0.38802849305663734
12,0.6660635687418348,0.6916813983088284,0.17964964165958808
12,0.6916813983088284,0.717299227875822,0.05560772660154994
12,0.717299227875822,0.7429170574428157,0.0
12,0.7429170574428157,0.7685348870098093,0.33826791329468336
12,0.7685348870098093,0.794152716576803,0.5876965645166307
12,0.794152716576803,0.8197705461437966,1.1443386478974642
13,0.0,0.025593027420148212,0.0
13,0.025593027420148212,0.051186054840296424,0.0
13,0.051186054840296424,0.07677908226044464,0.0
13,0.07677908226044464,0.10237210968059285,0.0
13,0.10237210968059285,0.12796513710074106,0.0
13,0.12796513710074106,0.15355816452088927,0.0
13,0.15355816452088927,0.17915119194103749,0.0
13,0.17915119194103749,0.2047442193611857,0.0
13,0.2047442193611857,0.2303372467813339,0.0
13,0.2303372467813339,0.2559302742014821,0.0
13,0.2559302742014821,0.2815233016216303,0.0
13,0.2815233016216303,0.30711632904177855,0.0
13,0.30711632904177855,0.3327093564619268,0.0
13,0.3327093564619268,0.35830238388207497,0.0
13,0.35830238388207497,0.38389541130222316,0.0
13,0.38389541130222316,0.4094884387223714,0.0
13,0.4094884387223714,0.43508146614251964,0.0
13,0.43508146614251964,0.4606744935626678,0.0
13,0.4606744935626678,0.486267520982816,0.0
13,0.486267520982816,0.5118605484029642,0.0
13,0.5118605484029642,0.5374535758231125,1.1006449232736593
13,0.5374535758231125,0.5630466032432606,4.366509531094462
13,0.5630466032432606,0.5886396306634089,5.316084019862191
13,0.5886396306634089,0.6142326580835571,2.9696942273372047
13,0.6142326580835571,0.6398256855037053,1.471211862763604
13,0.6398256855037053,0.6654187129238536,0.45269990856607717
13,0.6654187129238536,0.6910117403440017,0.17964964165958783
13,0.6910117403440017,0.7166047677641499,0.0
13,0.7166047677641499,0.7421977951842982,0.0
13,0.7421977951842982,0.7677908226044463,0.3865919009082105
13,0.7677908226044463,0.7933838500245946,0.36165942431792675
13,0.7933838500245946,0.8189768774447428,1.2714873865527363
14,0.0,0.02571267870472813,0.0
14,0.02571267870472813,0.05142535740945626,0.0
14,0.05142535740945626,0.07713803611418439,0.0
14,0.07713803611418439,0.10285071481891252,0.0
14,0.10285071481891252,0.12856339352364066,0.0
14,0.12856339352364066,0.15427607222836878,0.0
14,0.15427607222836878,0.1799887509330969,0.0
14,0.1799887509330969,0.20570142963782503,0.0
14,0.20570142963782503,0.23141410834255316,0.0
14,0.23141410834255316,0.2571267870472813,0.0
14,0.2571267870472813,0.2828394657520094,0.0
14,0.2828394657520094,0.30855214445673756,0.0
14,0.30855214445673756,0.33426482316146566,0.0
14,0.33426482316146566,0.3599775018661938,0.0
14,0.3599775018661938,0.3856901805709219,0.0
14,0.3856901805709219,0.41140285927565007,0.0
14,0.41140285927565007,0.4371155379803782,0.0
14,0.4371155379803782,0.4628282166851063,0.0
14,0.4628282166851063,0.4885408953898345,0.0
14,0.4885408953898345,0.5142535740945626,0.0
14,0.5142535740945626,0.5399662527992907,1.0005862938851473
14,0.5399662527992907,0.5656789315040188,4.002633736836581
14,0.5656789315040188,0.591391610208747,5.565275458293232
14,0.591391610208747,0.6171042889134751,3.350424256483002
14,0.6171042889134751,0.6428169676182033,1.5412695705142505
14,0.6428169676182033,0.6685296463229313,0.32335707754719933
14,0.6685296463229313,0.6942423250276595,0.0
14,0.6942423250276595,0.7199550037323876,0.05560772660154985
14,0.7199550037323876,0.7456676824371158,0.0
14,0.7456676824371158,0.7713803611418438,0.144971962840579
14,0.7713803611418438,0.797093039846572,0.6329039925563721
14,0.797093039846572,0.8228057185513001,1.1019557350123732
15,0.0,0.025786097845247078,0.0
15,0.025786097845247078,0.051572195690494156,0.0
15,0.051572195690494156,0.07735829353574124,0.0
15,0.07735829353574124,0.10314439138098831,0.0
15,0.10314439138098831,0.1289304892262354,0.0
15,0.1289304892262354,0.15471658707148248,0.0
15,0.15471658707148248,0.18050268491672955,0.0
15,0.18050268491672955,0.20628878276197662,0.0
15,0.20628878276197662,0.2320748806072237,0.0
15,0.2320748806072237,0.2578609784524708,0.0
15,0.2578609784524708,0.28364707629771785,0.0
15,0.28364707629771785,0.30943317414296495,0.0
15,0.30943317414296495,0.335219271988212,0.0
15,0.335219271988212,0.3610053698334591,0.0
15,0.3610053698334591,0.38679146767870615,0.0
15,0.38679146767870615,0.41257756552395325,0.0
15,0.41257756552395325,0.43836366336920035,0.0
15,0.43836366336920035,0.4641497612144474,0.0
15,0.4641497612144474,0.4899358590596945,0.0
15,0.4899358590596945,0.5157219569049416,0.0
15,0.5157219569049416,0.5415080547501886,0.8004690351081181
15,0.5415080547501886,0.5672941525954357,4.184571633965515
15,0.5672941525954357,0.5930802504406828,5.4822116454828835
15,0.5930802504406828,0.6188663482859299,3.350424256483001
15,0.6188663482859299,0.644652446131177,1.5412695705142507
15,0.644652446131177,0.670438543976424,0.38802849305663906
15,0.670438543976424,0.6962246418216711,0.0
15,0.6962246418216711,0.7220107396669182,0.05560772660154987
15,0.7220107396669182,0.7477968375121653,0.051774284636404044
15,0.7477968375121653,0.7735829353574123,0.04832398761352632
15,0.7735829353574123,0.7993690332026594,0.6781114205961132
15,0.7993690332026594,0.8251551310479065,1.144338647897463
16,0.0,0.02583547042037492,0.0
16,0.02583547042037492,0.05167094084074984,0.0
16,0.05167094084074984,0.07750641126112476,0.0
16,0.07750641126112476,0.10334188168149969,0.0
16,0.10334188168149969,0.12917735210187462,0.0
16,0.12917735210187462,0.15501282252224952,0.0
16,0.15501282252224952,0.18084829294262444,0.0
16,0.18084829294262444,0.20668376336299937,0.0
16,0.20668376336299937,0.2325192337833743,0.0
16,0.2325192337833743,0.25835470420374923,0.0
16,0.25835470420374923,0.28419017462412416,0.0
16,0.28419017462412416,0.31002564504449903,0.0
16,0.31002564504449903,0.33586111546487396,0.0
16,0.33586111546487396,0.3616965858852489,0.0
16,0.3616965858852489,0.3875320563056238,0.0
16,0.3875320563056238,0.41336752672599875,0.0
16,0.41336752672599875,0.4392029971463737,0.0
16,0.4392029971463737,0.4650384675667486,0.0
16,0.4650384675667486,0.49087393798712353,0.0
16,0.49087393798712353,0.5167094084074985,0.22116377153184347
16,0.5167094084074985,0.5425448788278734,1.100644923273659
16,0.5425448788278734,0.5683803492482483,3.7297268911431805
16,0.5683803492482483,0.5942158196686232,4.983828768620805
16,0.5942158196686232,0.6200512900889981,4.2641763264329295
16,0.6200512900889981,0.645886760509373,1.1209233240103658
16,0.645886760509373,0.6717222309297479,0.3880284930566378
16,0.6717222309297479,0.6975577013501228,0.0
16,0.6975577013501228,0.7233931717704978,0.05560772660154994
16,0.7233931717704978,0.7492286421908727,0.0
16,0.7492286421908727,0.7750641126112476,0.14497196284057842
16,0.7750641126112476,0.8008995830316226,0.49728170843714986
16,0.8008995830316226,0.8267350534519975,1.3562532123229196
17,0.0,0.025796510755547723,0.0
17,0.025796510755547723,0.05159302151109545,0.0
17,0.05159302151109545,0.07738953226664316,0.0
17,0.07738953226664316,0.1031860430221909,0.0
17,0.1031860430221909,0.12898255377773862,0.0
17,0.12898255377773862,0.15477906453328633,0.0
17,0.15477906453328633,0.18057557528883406,0.0
17,0.18057557528883406,0.2063720860443818,0.0
17,0.2063720860443818,0.23216859679992952,0.0
17,0.23216859679992952,0.25796510755547725,0.0
17,0.25796510755547725,0.283761618311025,0.0
17,0.283761618311025,0.30955812906657265,0.0
17,0.30955812906657265,0.3353546398221204,0.0
17,0.3353546398221204,0.3611511505776681,0.0
17,0.3611511505776681,0.38694766133321584,0.0
17,0.38694766133321584,0.4127441720887636,0.0
17,0.4127441720887636,0.4385406828443113,0.0
17,0.4385406828443113,0.46433719359985903,0.0
17,0.46433719359985903,0.49013370435540676,0.0
17,0.49013370435540676,0.5159302151109545,0.33174565729776534
17,0.5159302151109545,0.5417267258665022,1.2007035526621752
17,0.5417267258665022,0.56752323662205,3.0929442511918976
17,0.56752323662205,0.5933197473775976,5.731403083913942
17,0.5933197473775976,0.6191162581331453,3.959592303116285
17,0.6191162581331453,0.6449127688886931,0.7706347852571244
17,0.6449127688886931,0.6707092796442408,0.7113855706038382
17,0.6707092796442408,0.6965057903997885,0.0
17,0.6965057903997885,0.7223023011553362,0.0
17,0.7223023011553362,0.748098811910884,0.10354856927280788
17,0.748098811910884,0.7738953226664317,0.09664797522705254
17,0.7738953226664317,0.7996918334219795,0.6781114205961118
17,0.7996918334219795,0.8254883441775271,1.1443386478974664
18,0.0,0.025899613476015604,0.0
18,0.025899613476015604,0.05179922695203121,0.0
18,0.05179922695203121,0.07769884042804681,0.0
18,0.07769884042804681,0.10359845390406242,0.0
18,0.10359845390406242,0.12949806738007802,0.0
18,0.12949806738007802,0.15539768085609362,0.0
18,0.15539768085609362,0.18129729433210923,0.0
18,0.18129729433210923,0.20719690780812483,0.0
18,0.20719690780812483,0.23309652128414043,0.0
18,0.23309652128414043,0.25899613476015604,0.0
18,0.25899613476015604,0.28489574823617164,0.0
18,0.28489574823617164,0.31079536171218725,0.0
18,0.31079536171218725,0.33669497518820285,0.0
18,0.33669497518820285,0.36259458866421845,0.0
18,0.36259458866421845,0.38849420214023406,0.0
18,0.38849420214023406,0.41439381561624966,0.0
18,0.41439381561624966,0.44029342909226526,0.0
18,0.44029342909226526,0.46619304256828087,0.0
18,0.46619304256828087,0.4920926560442965,0.0
18,0.4920926560442965,0.5179922695203121,0.11058188576592182
18,0.5179922695203121,0.5438918829963277,1.6009380702162272
18,0.5438918829963277,0.5697914964723433,3.7297268911431862
18,0.5697914964723433,0.5956911099483588,4.40238207894839
18,0.5956911099483588,0.6215907234243745,4.416468338091227
18,0.6215907234243745,0.6474903369003902,0.9107502007584205
18,0.6474903369003902,0.6733899503764057,0.5820427395849578
18,0.6733899503764057,0.6992895638524212,0.0598832138865292
18,0.6992895638524212,0.7251891773284369,0.0
18,0.7251891773284369,0.7510887908044526,0.05177428463640394
18,0.7510887908044526,0.7769884042804681,0.14497196284057878
18,0.7769884042804681,0.8028880177564837,0.5876965645166335
18,0.8028880177564837,0.8287876312324993,1.2291044736676429
19,0.0,0.026010902909349442,0.0
19,0.026010902909349442,0.052021805818698884,0.0
19,0.052021805818698884,0.07803270872804832,0.0
19,0.07803270872804832,0.10404361163739777,0.0
19,0.10404361163739777,0.1300545145467472,0.0
19,0.1300545145467472,0.15606541745609664,0.0
19,0.15606541745609664,0.1820763203654461,0.0
19,0.1820763203654461,0.20808722327479554,0.0
19,0.20808722327479554,0.23409812618414497,0.0
19,0.23409812618414497,0.2601090290934944,0.0
19,0.2601090290934944,0.28611993200284386,0.0
19,0.28611993200284386,0.3121308349121933,0.0
19,0.3121308349121933,0.3381417378215427,0.0
19,0.3381417378215427,0.3641526407308922,0.0
19,0.3641526407308922,0.39016354364024164,0.0
19,0.39016354364024164,0.41617444654959107,0.0
19,0.41617444654959107,0.4421853494589405,0.0
19,0.4421853494589405,0.46819625236828993,0.0
19,0.46819625236828993,0.4942071552776394,0.0
19,0.4942071552776394,0.5202180581869889,0.11058188576592186
19,0.5202180581869889,0.5462289610963382,1.8010553289932643
19,0.5462289610963382,0.5722398640056877,3.0929442511919003
19,0.5722398640056877,0.5982507669150372,5.066892581431144
19,0.5982507669150372,0.6242616698243866,3.9595923031162905
19,0.6242616698243866,0.6502725727337361,1.2610387395116585
19,0.6502725727337361,0.6762834756430854,0.32335707754719933
19,0.6762834756430854,0.7022943785524349,0.17964964165958672
19,0.7022943785524349,0.7283052814617844,0.0
19,0.7283052814617844,0.7543161843711338,0.05177428463640423
19,0.7543161843711338,0.7803270872804833,0.1449719628405782
19,0.7803270872804833,0.8063379901898327,0.6329039925563742
19,0.8063379901898327,0.8323488930991821,1.2291044736676455
20,0.0,0.025857768583335543,0.0
20,0.025857768583335543,0.051715537166671086,0.0
20,0.051715537166671086,0.07757330575000662,0.0
20,0.07757330575000662,0.10343107433334217,0.0
20,0.10343107433334217,0.12928884291667772,0.0
20,0.12928884291667772,0.15514661150001324,0.0
20,0.15514661150001324,0.1810043800833488,0.0
20,0.1810043800833488,0.20686214866668434,0.0
20,0.20686214866668434,0.2327199172500199,0.0
20,0.2327199172500199,0.25857768583335544,0.0
20,0.25857768583335544,0.284435454416691,0.0
20,0.284435454416691,0.3102932230000265,0.0
20,0.3102932230000265,0.33615099158336204,0.0
20,0.33615099158336204,0.3620087601666976,0.0
20,0.3620087601666976,0.38786652875003313,0.0
20,0.38786652875003313,0.4137242973333687,0.0
20,0.4137242973333687,0.43958206591670423,0.0
20,0.43958206591670423,0.4654398345000398,0.0
20,0.4654398345000398,0.49129760308337533,0.0
20,0.49129760308337533,0.5171553716667109,0.11058188576592178
20,0.5171553716667109,0.5430131402500464,1.80105532899326
20,0.5430131402500464,0.568870908833382,3.0929442511919034
20,0.568870908833382,0.5947286774167175,5.316084019862196
20,0.5947286774167175,0.620586446000053,3.959592303116294
20,0.620586446000053,0.6464442145833885,0.9808079085090692
20,0.6464442145833885,0.6723019831667241,0.38802849305663817
20,0.6723019831667241,0.6981597517500596,0.11976642777305818
20,0.6981597517500596,0.7240175203333952,0.05560772660154994
20,0.7240175203333952,0.7498752889167307,0.0
20,0.7498752889167307,0.7757330575000663,0.24161993806763096
20,0.7757330575000663,0.8015908260834018,0.4972817084371491
20,0.8015908260834018,0.8274485946667374,1.27148738655274
21,0.0,0.025732350122782115,0.0
21,0.025732350122782115,0.05146470024556423,0.0
21,0.05146470024556423,0.07719705036834634,0.0
21,0.07719705036834634,0.10292940049112846,0.0
21,0.10292940049112846,0.12866175061391058,0.0
21,0.12866175061391058,0.15439410073669269,0.0
21,0.15439410073669269,0.18012645085947482,0.0
21,0.18012645085947482,0.20585880098225692,0.0
21,0.20585880098225692,0.23159115110503903,0.0
21,0.23159115110503903,0.25732350122782116,0.0
21,0.25732350122782116,0.2830558513506033,0.0
21,0.2830558513506033,0.30878820147338537,0.0
21,0.30878820147338537,0.3345205515961675,0.0
21,0.3345205515961675,0.36025290171894964,0.0
21,0.36025290171894964,0.3859852518417317,0.0
21,0.3859852518417317,0.41171760196451385,0.0
21,0.41171760196451385,0.437449952087296,0.0
21,0.437449952087296,0.46318230221007806,0.0
21,0.46318230221007806,0.4889146523328602,0.0
21,0.4889146523328602,0.5146470024556423,0.2211637715318434
21,0.5146470024556423,0.5403793525784244,1.4008208114392051
21,0.5403793525784244,0.5661117027012066,3.5477889940142324
21,0.5661117027012066,0.5918440528239887,5.149956394241503
21,0.5918440528239887,0.6175764029467707,3.731154285628806
21,0.6175764029467707,0.6433087530695529,1.261038739511658
21,0.6433087530695529,0.669041103192335,0.38802849305663817
21,0.669041103192335,0.6947734533151171,0.11976642777305843
21,0.6947734533151171,0.7205058034378993,0.0
21,0.7205058034378993,0.7462381535606813,0.0
21,0.7462381535606813,0.7719705036834634,0.1449719628405787
21,0.7719705036834634,0.7977028538062456,0.45207428039740777
21,0.7977028538062456,0.8234352039290277,1.31387029943783
22,0.0,0.02558024959888031,0.0
22,0.02558024959888031,0.05116049919776062,0.0
22,0.05116049919776062,0.07674074879664093,0.0
22,0.07674074879664093,0.10232099839552124,0.0
22,0.10232099839552124,0.12790124799440156,0.0
22,0.12790124799440156,0.15348149759328186,0.0
22,0.15348149759328186,0.17906174719216217,0.0
22,0.17906174719216217,0.20464199679104247,0.0
22,0.20464199679104247,0.23022224638992278,0.0
22,0.23022224638992278,0.2558024959888031,0.0
22,0.2558024959888031,0.2813827455876834,0.0
22,0.2813827455876834,0.3069629951865637,0.0
22,0.3069629951865637,0.332543244785444,0.0
22,0.332543244785444,0.35812349438432434,0.0
22,0.35812349438432434,0.3837037439832046,0.0
22,0.3837037439832046,0.40928399358208495,0.0
22,0.40928399358208495,0.4348642431809653,0.0
22,0.4348642431809653,0.46044449277984556,0.0
22,0.46044449277984556,0.4860247423787259,0.0
22,0.4860247423787259,0.5116049919776062,0.11058188576592178
22,0.5116049919776062,0.5371852415764865,1.5008794408277177
22,0.5371852415764865,0.5627654911753668,3.6387579425787164
22,0.5627654911753668,0.5883457407742471,4.900764955810466
22,0.5883457407742471,0.6139259903731275,3.502716268141312
22,0.6139259903731275,0.6395062399720077,1.6113272782649035
22,0.6395062399720077,0.665086489570888,0.3880284930566383
22,0.665086489570888,0.6906667391697684,0.11976642777305788
22,0.6906667391697684,0.7162469887686487,0.0
22,0.7162469887686487,0.741827238367529,0.0
22,0.741827238367529,0.7674074879664092,0.09664797522705246
22,0.7674074879664092,0.7929877375652896,0.5876965645166292
22,0.7929877375652896,0.8185679871641699,1.1443386478974658
23,0.0,0.025562774565459242,0.0
23,0.025562774565459242,0.051125549130918484,0.0
23,0.051125549130918484,0.07668832369637772,0.0
23,0.07668832369637772,0.10225109826183697,0.0
23,0.10225109826183697,0.1278138728272962,0.0
23,0.1278138728272962,0.15337664739275544,0.0
23,0.15337664739275544,0.1789394219582147,0.0
23,0.1789394219582147,0.20450219652367393,0.0
23,0.20450219652367393,0.23006497108913318,0.0
23,0.23006497108913318,0.2556277456545924,0.0
23,0.2556277456545924,0.28119052022005164,0.0
23,0.28119052022005164,0.3067532947855109,0.0
23,0.3067532947855109,0.33231606935097013,0.0
23,0.33231606935097013,0.3578788439164294,0.0
23,0.3578788439164294,0.3834416184818886,0.0
23,0.3834416184818886,0.40900439304734787,0.0
23,0.40900439304734787,0.4345671676128071,0.0
23,0.4345671676128071,0.46012994217826636,0.0
23,0.46012994217826636,0.4856927167437256,0.0
23,0.4856927167437256,0.5112554913091848,0.0
23,0.5112554913091848,0.5368182658746441,1.8010553289932578
23,0.5368182658746441,0.5623810404401033,3.4568200454497795
23,0.5623810404401033,0.5879438150055626,5.316084019862182
23,0.5879438150055626,0.6135065895710218,3.1219862389955324
23,0.6135065895710218,0.6390693641364811,1.541269570514249
23,0.6390693641364811,0.6646321387019403,0.38802849305663883
23,0.6646321387019403,0.6901949132673996,0.17964964165958697
23,0.6901949132673996,0.7157576878328588,0.0
23,0.7157576878328588,0.7413204623983181,0.0
23,0.7413204623983181,0.7668832369637772,0.14497196284057873
23,0.7668832369637772,0.7924460115292365,0.6329039925563709
23,0.7924460115292365,0.8180087860946957,1.2291044736676506
24,0.0,0.025514641776901804,0.0
24,0.025514641776901804,0.05102928355380361,0.0
24,0.05102928355380361,0.07654392533070542,0.0
24,0.07654392533070542,0.10205856710760722,0.0
24,0.10205856710760722,0.12757320888450902,0.0
24,0.12757320888450902,0.15308785066141084,0.0
24,0.15308785066141084,0.17860249243831264,0.0
24,0.17860249243831264,0.20411713421521444,0.0
24,0.20411713421521444,0.22963177599211623,0.0
24,0.22963177599211623,0.25514641776901803,0.0
24,0.25514641776901803,0.28066105954591986,0.0
24,0.28066105954591986,0.3061757013228217,0.0
24,0.3061757013228217,0.33169034309972345,0.0
24,0.33169034309972345,0.3572049848766253,0.0
24,0.3572049848766253,0.38271962665352705,0.0
24,0.38271962665352705,0.40823426843042887,0.0
24,0.40823426843042887,0.4337489102073307,0.0
24,0.4337489102073307,0.45926355198423247,0.0
24,0.45926355198423247,0.4847781937611343,0.0
24,0.4847781937611343,0.5102928355380361,0.2211637715318439
24,0.5102928355380361,0.5358074773149379,1.4008208114391993
24,0.5358074773149379,0.5613221190918397,3.6387579425787164
24,0.5613221190918397,0.5868367608687415,4.817701143000122
24,0.5868367608687415,0.6123514026456434,3.426570262312153
24,0.6123514026456434,0.6378660444225451,1.6113272782649033
24,0.6378660444225451,0.6633806861994469,0.3880284930566386
24,0.6633806861994469,0.6888953279763487,0.23953285554611656
24,0.6888953279763487,0.7144099697532506,0.0
24,0.7144099697532506,0.7399246115301523,0.0
24,0.7399246115301523,0.7654392533070541,0.24161993806763107
24,0.7654392533070541,0.790953895083956,0.6781114205961111
24,0.790953895083956,0.8164685368608577,1.0595728221272842
25,0.0,0.0254756493863067,0.0
25,0.0254756493863067,0.0509512987726134,0.0
25,0.0509512987726134,0.07642694815892011,0.0
25,0.07642694815892011,0.1019025975452268,0.0
25,0.1019025975452268,0.12737824693153352,0.0
25,0.12737824693153352,0.15285389631784022,0.0
25,0.15285389631784022,0.1783295457041469,0.0
25,0.1783295457041469,0.2038051950904536,0.0
25,0.2038051950904536,0.2292808444767603,0.0
25,0.2292808444767603,0.25475649386306704,0.0
25,0.25475649386306704,0.28023214324937373,0.0
25,0.28023214324937373,0.30570779263568043,0.0
25,0.30570779263568043,0.33118344202198713,0.0
25,0.33118344202198713,0.3566590914082938,0.0
25,0.3566590914082938,0.3821347407946005,0.0
25,0.3821347407946005,0.4076103901809072,0.0
25,0.4076103901809072,0.4330860395672139,0.0
25,0.4330860395672139,0.4585616889535206,0.0
25,0.4585616889535206,0.4840373383398273,0.0
25,0.4840373383398273,0.5095129877261341,0.11058188576592162
25,0.5095129877261341,0.5349886371124407,1.9011139583817789
25,0.5349886371124407,0.5604642864987475,3.3658510968853013
25,0.5604642864987475,0.5859399358850541,4.734637330189778
25,0.5859399358850541,0.6114155852713609,3.65500827979963
25,0.6114155852713609,0.6368912346576675,1.4011541550129616
25,0.6368912346576675,0.6623668840439743,0.38802849305663667
25,0.6623668840439743,0.6878425334302809,0.239532855546117
25,0.6878425334302809,0.7133181828165877,0.0
25,0.7133181828165877,0.7387938322028943,0.051774284636404176
25,0.7387938322028943,0.764269481589201,0.14497196284057826
25,0.764269481589201,0.7897451309755077,0.8137337047153372
25,0.7897451309755077,0.8152207803618144,1.0171899092421894
26,0.0,0.025560555689104668,0.0
26,0.025560555689104668,0.051121111378209336,0.0
26,0.051121111378209336,0.076681667067314,0.0
26,0.076681667067314,0.10224222275641867,0.0
26,0.10224222275641867,0.12780277844552335,0.0
26,0.12780277844552335,0.153363334134628,0.0
26,0.153363334134628,0.17892388982373267,0.0
26,0.17892388982373267,0.20448444551283734,0.0
26,0.20448444551283734,0.23004500120194202,0.0
26,0.23004500120194202,0.2556055568910467,0.0
26,0.2556055568910467,0.28116611258015134,0.0
26,0.28116611258015134,0.306726668269256,0.0
26,0.306726668269256,0.3322872239583607,0.0
26,0.3322872239583607,0.35784777964746534,0.0
26,0.35784777964746534,0.38340833533657004,0.0
26,0.38340833533657004,0.4089688910256747,0.0
26,0.4089688910256747,0.43452944671477933,0.0
26,0.43452944671477933,0.46009000240388404,0.0
26,0.46009000240388404,0.4856505580929887,0.0
26,0.4856505580929887,0.5112111137820934,0.2211637715318433
26,0.5112111137820934,0.536771669471198,2.0011725877702924
26,0.536771669471198,0.5623322251603027,2.9110063540629696
26,0.5623322251603027,0.5878927808494073,4.900764955810468
26,0.5878927808494073,0.613453336538512,3.578862273970486
26,0.613453336538512,0.6390138922276167,1.4712118627636002
26,0.6390138922276167,0.6645744479167214,0.3880284930566383
26,0.6645744479167214,0.690135003605826,0.2994160694326454
26,0.690135003605826,0.7156955592949307,0.0
26,0.7156955592949307,0.7412561149840353,0.051774284636404114
26,0.7412561149840353,0.7668166706731401,0.19329595045410386
26,0.7668166706731401,0.7923772263622447,0.8137337047153367
26,0.7923772263622447,0.8179377820513494,0.9324240834720084
27,0.0,0.025690373097120085,0.0
27,0.025690373097120085,0.05138074619424017,0.0
27,0.05138074619424017,0.07707111929136026,0.0
27,0.07707111929136026,0.10276149238848034,0.0
27,0.10276149238848034,0.12845186548560042,0.0
27,0.12845186548560042,0.15414223858272053,0.0
27,0.15414223858272053,0.1798326116798406,0.0
27,0.1798326116798406,0.20552298477696068,0.0
27,0.20552298477696068,0.23121335787408076,0.0
27,0.23121335787408076,0.25690373097120084,0.0
27,0.25690373097120084,0.2825941040683209,0.0
27,0.2825941040683209,0.30828447716544105,0.0
27,0.30828447716544105,0.33397485026256113,0.0
27,0.33397485026256113,0.3596652233596812,0.0
27,0.3596652233596812,0.3853555964568013,0.0
27,0.3853555964568013,0.41104596955392136,0.0
27,0.41104596955392136,0.43673634265104144,0.0
27,0.43673634265104144,0.4624267157481615,0.0
27,0.4624267157481615,0.4881170888452816,0.0
27,0.4881170888452816,0.5138074619424017,0.22116377153184372
27,0.5138074619424017,0.5394978350395218,2.20128984654732
27,0.5394978350395218,0.5651882081366418,3.001975302627436
27,0.5651882081366418,0.5908785812337619,4.734637330189771
27,0.5908785812337619,0.6165689543308821,3.655008279799626
27,0.6165689543308821,0.6422593274280022,0.9808079085090687
27,0.6422593274280022,0.6679497005251223,0.8407284016227169
27,0.6679497005251223,0.6936400736222423,0.17964964165958716
27,0.6936400736222423,0.7193304467193624,0.0
27,0.7193304467193624,0.7450208198164825,0.05177428463640414
27,0.7450208198164825,0.7707111929136026,0.24161993806763074
27,0.7707111929136026,0.7964015660107227,0.768526276675595
27,0.7964015660107227,0.8220919391078427,0.9748069963571001
28,0.0,0.0256360370744152,0.0
28,0.0256360370744152,0.0512720741488304,0.0
28,0.0512720741488304,0.0769081112232456,0.0
28,0.0769081112232456,0.1025441482976608,0.0
28,0.1025441482976608,0.128180185372076,0.0
28,0.128180185372076,0.1538162224464912,0.0
28,0.1538162224464912,0.1794522595209064,0.0
28,0.1794522595209064,0.2050882965953216,0.0
28,0.2050882965953216,0.2307243336697368,0.0
28,0.2307243336697368,0.256360370744152,0.0
28,0.256360370744152,0.2819964078185672,0.0
28,0.2819964078185672,0.3076324448929824,0.0
28,0.3076324448929824,0.3332684819673976,0.0
28,0.3332684819673976,0.3589045190418128,0.0
28,0.3589045190418128,0.384540556116228,0.0
28,0.384540556116228,0.4101765931906432,0.0
28,0.4101765931906432,0.4358126302650584,0.0
28,0.4358126302650584,0.4614486673394736,0.0
28,0.4614486673394736,0.4870847044138888,0.0
28,0.4870847044138888,0.512720741488304,0.221163771531843
28,0.512720741488304,0.5383567785627192,2.3013484759358342
28,0.5383567785627192,0.5639928156371344,3.001975302627436
28,0.5639928156371344,0.5896288527115496,4.983828768620805
28,0.5896288527115496,0.6152648897859648,2.8935482215080506
28,0.6152648897859648,0.64090092686038,1.4712118627636053
28,0.64090092686038,0.6665369639347952,0.7113855706038354
28,0.6665369639347952,0.6921730010092104,0.2395328555461166
28,0.6921730010092104,0.7178090380836256,0.0
28,0.7178090380836256,0.7434450751580408,0.05177428463640407
28,0.7434450751580408,0.769081112232456,0.338267913294683
28,0.769081112232456,0.7947171493068712,0.6781114205961137
28,0.7947171493068712,0.8203531863812864,0.9748069963570999
29,0.0,0.02568185727145897,0.0
29,0.02568185727145897,0.05136371454291794,0.0
29,0.05136371454291794,0.0770455718143769,0.0
29,0.0770455718143769,0.10272742908583588,0.0
29,0.10272742908583588,0.12840928635729484,0.0
29,0.12840928635729484,0.1540911436287538,0.0
29,0.1540911436287538,0.17977300090021278,0.0
29,0.17977300090021278,0.20545485817167175,0.0
29,0.20545485817167175,0.23113671544313072,0.0
29,0.23113671544313072,0.2568185727145897,0.0
29,0.2568185727145897,0.28250042998604863,0.0
29,0.28250042998604863,0.3081822872575076,0.0
29,0.3081822872575076,0.3338641445289666,0.0
29,0.3338641445289666,0.35954600180042556,0.0
29,0.35954600180042556,0.3852278590718845,0.0
29,0.3852278590718845,0.4109097163433435,0.0
29,0.4109097163433435,0.4365915736148025,0.0
29,0.4365915736148025,0.46227343088626144,0.0
29,0.46227343088626144,0.4879552881577204,0.0
29,0.4879552881577204,0.5136371454291794,0.3317456572977652
29,0.5136371454291794,0.5393190027006384,2.301348475935831
29,0.5393190027006384,0.5650008599720973,3.0019753026274425
29,0.5650008599720973,0.5906827172435563,5.06689258143115
29,0.5906827172435563,0.6163645745150153,2.5889641981914093
29,0.6163645745150153,0.6420464317864742,1.6113272782649004
29,0.6420464317864742,0.6677282890579332,0.4526999085660769
29,0.6677282890579332,0.6934101463293921,0.4191824972057046
29,0.6934101463293921,0.7190920036008511,0.05560772660154984
29,0.7190920036008511,0.7447738608723101,0.1035485692728081
29,0.7447738608723101,0.770455718143769,0.33826791329468414
29,0.770455718143769,0.796137575415228,0.6781114205961123
29,0.796137575415228,0.821819432686687,0.8900411705869155
30,0.0,0.025589462093180453,0.0
30,0.025589462093180453,0.051178924186360907,0.0
30,0.051178924186360907,0.07676838627954136,0.0
30,0.07676838627954136,0.10235784837272181,0.0
30,0.10235784837272181,0.12794731046590227,0.0
30,0.12794731046590227,0.1535367725590827,0.0
30,0.1535367725590827,0.17912623465226318,0.0
30,0.17912623465226318,0.20471569674544363,0.0
30,0.20471569674544363,0.23030515883862407,0.0
30,0.23030515883862407,0.25589462093180454,0.0
30,0.25589462093180454,0.281484083024985,0.0
30,0.281484083024985,0.3070735451181654,0.0
30,0.3070735451181654,0.3326630072113459,0.0
30,0.3326630072113459,0.35825246930452637,0.0
30,0.35825246930452637,0.3838419313977068,0.0
30,0.3838419313977068,0.40943139349088725,0.0
30,0.40943139349088725,0.4350208555840677,0.0
30,0.4350208555840677,0.46061031767724814,0.0
30,0.46061031767724814,0.4861997797704286,0.0
30,0.4861997797704286,0.5117892418636091,0.44232754306368693
30,0.5117892418636091,0.5373787039567895,2.001172587770287
30,0.5373787039567895,0.56296816604997,3.365851096885306
30,0.56296816604997,0.5885576281431504,4.900764955810477
30,0.5885576281431504,0.6141470902363309,2.7412562098497286
30,0.6141470902363309,0.6397365523295113,1.3310964472623086
30,0.6397365523295113,0.6653260144226918,0.5173713240755169
30,0.6653260144226918,0.6909154765158723,0.47906571109223217
30,0.6909154765158723,0.7165049386090527,0.05560772660154987
30,0.7165049386090527,0.7420944007022331,0.15532285390921277
30,0.7420944007022331,0.7676838627954136,0.28994392568115707
30,0.7676838627954136,0.793273324888594,0.7685262766755944
30,0.793273324888594,0.8188627869817745,0.8476582577018253
31,0.0,0.02562942311216915,0.0
31,0.02562942311216915,0.0512588462243383,0.0
31,0.0512588462243383,0.07688826933650746,0.0
31,0.07688826933650746,0.1025176924486766,0.0
31,0.1025176924486766,0.12814711556084576,0.0
31,0.12814711556084576,0.1537765386730149,0.0
31,0.1537765386730149,0.17940596178518406,0.0
31,0.17940596178518406,0.2050353848973532,0.0
31,0.2050353848973532,0.23066480800952235,0.0
31,0.23066480800952235,0.25629423112169153,0.0
31,0.25629423112169153,0.2819236542338607,0.0
31,0.2819236542338607,0.3075530773460298,0.0
31,0.3075530773460298,0.33318250045819897,0.0
31,0.33318250045819897,0.3588119235703681,0.0
31,0.3588119235703681,0.38444134668253727,0.0
31,0.38444134668253727,0.4100707697947064,0.0
31,0.4100707697947064,0.43570019290687556,0.0
31,0.43570019290687556,0.4613296160190447,0.0
31,0.4613296160190447,0.48695903913121386,0.0
31,0.48695903913121386,0.5125884622433831,0.5529094288296074
31,0.5125884622433831,0.5382178853555522,1.7009966996047514
31,0.5382178853555522,0.5638473084677214,3.638757942578703
31,0.5638473084677214,0.5894767315798904,4.236254453327696
31,0.5894767315798904,0.6151061546920596,3.3504242564830005
31,0.6151061546920596,0.6407355778042287,1.05086561625972
31,0.6407355778042287,0.6663650009163979,0.9053998171321537
31,0.6663650009163979,0.691994424028567,0.29941606943264587
31,0.691994424028567,0.7176238471407362,0.05560772660154986
31,0.7176238471407362,0.7432532702529053,0.10354856927280835
31,0.7432532702529053,0.7688826933650745,0.33826791329468264
31,0.7688826933650745,0.7945121164772436,0.7233188486358556
31,0.7945121164772436,0.8201415395894128,0.8476582577018239
32,0.0,0.025763686398682043,0.0
32,0.025763686398682043,0.051527372797364086,0.0
32,0.051527372797364086,0.07729105919604613,0.0
32,0.07729105919604613,0.10305474559472817,0.0
32,0.10305474559472817,0.12881843199341023,0.0
32,0.12881843199341023,0.15458211839209227,0.0
32,0.15458211839209227,0.1803458047907743,0.0
32,0.1803458047907743,0.20610949118945635,0.0
32,0.20610949118945635,0.23187317758813838,0.0
32,0.23187317758813838,0.25763686398682045,0.0
32,0.25763686398682045,0.2834005503855025,0.0
32,0.2834005503855025,0.30916423678418453,0.0
32,0.30916423678418453,0.33492792318286657,0.0
32,0.33492792318286657,0.3606916095815486,0.0
32,0.3606916095815486,0.38645529598023065,0.0
32,0.38645529598023065,0.4122189823789127,0.0
32,0.4122189823789127,0.43798266877759473,0.0
32,0.43798266877759473,0.46374635517627677,0.0
32,0.46374635517627677,0.4895100415749588,0.0
32,0.4895100415749588,0.5152737279736409,0.5529094288296075
32,0.5152737279736409,0.5410374143723229,1.6009380702162364
32,0.5410374143723229,0.566801100771005,3.5477889940142355
32,0.566801100771005,0.592564787169687,4.485445891758738
32,0.592564787169687,0.6183284735683691,2.9696942273372007
32,0.6183284735683691,0.644092159967051,1.6813849860155514
32,0.644092159967051,0.6698558463657331,0.646714155094396
32,0.6698558463657331,0.6956195327644151,0.23953285554611675
32,0.6956195327644151,0.7213832191630972,0.055607726601549806
32,0.7213832191630972,0.7471469055617792,0.05177428463640418
32,0.7471469055617792,0.7729105919604613,0.4349158885217345
32,0.7729105919604613,0.7986742783591433,0.6329039925563738
32,0.7986742783591433,0.8244379647578254,0.8476582577018233
33,0.0,0.02562439316878315,0.0
33,0.02562439316878315,0.0512487863375663,0.0
33,0.0512487863375663,0.07687317950634945,0.0
33,0.07687317950634945,0.1024975726751326,0.0
33,0.1024975726751326,0.12812196584391575,0.0
33,0.12812196584391575,0.1537463590126989,0.0
33,0.1537463590126989,0.17937075218148205,0.0
33,0.17937075218148205,0.2049951453502652,0.0
33,0.2049951453502652,0.23061953851904834,0.0
33,0.23061953851904834,0.2562439316878315,0.0
33,0.2562439316878315,0.2818683248566146,0.0
33,0.2818683248566146,0.3074927180253978,0.0
33,0.3074927180253978,0.33311711119418097,0.0
33,0.33311711119418097,0.3587415043629641,0.0
33,0.3587415043629641,0.3843658975317472,0.0
33,0.3843658975317472,0.4099902907005304,0.0
33,0.4099902907005304,0.43561468386931357,0.0
33,0.43561468386931357,0.4612390770380967,0.0
33,0.4612390770380967,0.4868634702068798,0.0
33,0.4868634702068798,0.512487863375663,0.3317456572977651
33,0.512487863375663,0.5381122565444462,1.7009966996047439
33,0.5381122565444462,0.5637366497132292,4.093602685401062
33,0.5637366497132292,0.5893610428820124,4.402382078948377
33,0.5893610428820124,0.6149854360507956,2.7412562098497286
33,0.6149854360507956,0.6406098292195788,1.541269570514251
33,0.6406098292195788,0.6662342223883619,0.8407284016227139
33,0.6662342223883619,0.691858615557145,0.17964964165958777
33,0.691858615557145,0.7174830087259282,0.0
33,0.7174830087259282,0.7431074018947114,0.10354856927280805
33,0.7431074018947114,0.7687317950634944,0.24161993806763155
33,0.7687317950634944,0.7943561882322776,0.7233188486358535
33,0.7943561882322776,0.8199805814010608,0.9324240834720058
34,0.0,0.025557544993835425,0.0
34,0.025557544993835425,0.05111508998767085,0.0
34,0.05111508998767085,0.07667263498150628,0.0
34,0.07667263498150628,0.1022301799753417,0.0
34,0.1022301799753417,0.12778772496917712,0.0
34,0.12778772496917712,0.15334526996301256,0.0
34,0.15334526996301256,0.17890281495684798,0.0
34,0.17890281495684798,0.2044603599506834,0.0
34,0.2044603599506834,0.23001790494451882,0.0
34,0.23001790494451882,0.25557544993835424,0.0
34,0.25557544993835424,0.2811329949321897,0.0
34,0.2811329949321897,0.30669053992602513,0.0
34,0.30669053992602513,0.3322480849198605,0.0
34,0.3322480849198605,0.35780562991369597,0.0
34,0.35780562991369597,0.38336317490753136,0.0
34,0.38336317490753136,0.4089207199013668,0.0
34,0.4089207199013668,0.43447826489520225,0.0
34,0.43447826489520225,0.46003580988903764,0.0
34,0.46003580988903764,0.4855933548828731,0.0
34,0.4855933548828731,0.5111508998767085,0.44232754306368816
34,0.5111508998767085,0.5367084448705439,1.2007035526621725
34,0.5367084448705439,0.5622659898643794,3.9116647882721116
34,0.5622659898643794,0.5878235348582148,5.149956394241495
34,0.5878235348582148,0.6133810798520503,2.3605261807039333
34,0.6133810798520503,0.6389386248458856,1.5412695705142574
34,0.6389386248458856,0.664496169839721,1.0994140636604728
34,0.664496169839721,0.6900537148335565,0.059883213886529035
34,0.6900537148335565,0.7156112598273919,0.0
34,0.7156112598273919,0.7411688048212274,0.15532285390921224
34,0.7411688048212274,0.7667263498150627,0.19329595045410525
34,0.7667263498150627,0.7922838948088982,0.7233188486358529
34,0.7922838948088982,0.8178414398027336,0.8900411705869176
35,0.0,0.02566503431418136,0.0
35,0.02566503431418136,0.05133006862836272,0.0
35,0.05133006862836272,0.07699510294254408,0.0
35,0.07699510294254408,0.10266013725672544,0.0
35,0.10266013725672544,0.1283251715709068,0.0
35,0.1283251715709068,0.15399020588508816,0.0
35,0.15399020588508816,0.17965524019926954,0.0
35,0.17965524019926954,0.2053202745134509,0.0
35,0.2053202745134509,0.23098530882763224,0.0
35,0.23098530882763224,0.2566503431418136,0.0
35,0.2566503431418136,0.282315377455995,0.0
35,0.282315377455995,0.3079804117701763,0.0
35,0.3079804117701763,0.3336454460843577,0.0
35,0.3336454460843577,0.3593104803985391,0.0
35,0.3593104803985391,0.3849755147127204,0.0
35,0.3849755147127204,0.4106405490269018,0.0
35,0.4106405490269018,0.43630558334108316,0.0
35,0.43630558334108316,0.4619706176552645,0.0
35,0.4619706176552645,0.48763565196944586,0.0
35,0.48763565196944586,0.5133006862836272,0.44232754306368677
35,0.5133006862836272,0.5389657205978086,1.6009380702162341
35,0.5389657205978086,0.56463075491199,3.638757942578703
35,0.56463075491199,0.5902957892261713,5.066892581431162
35,0.5902957892261713,0.6159608235403526,2.2843801748747787
35,0.6159608235403526,0.6416258578545341,1.7514426937661904
35,0.6416258578545341,0.6672908921687154,0.8407284016227173
35,0.6672908921687154,0.6929559264828967,0.17964964165958758
35,0.6929559264828967,0.7186209607970782,0.0
35,0.7186209607970782,0.7442859951112595,0.051774284636404176
35,0.7442859951112595,0.7699510294254408,0.2416199380676312
35,0.7699510294254408,0.7956160637396222,0.8589411327550749
35,0.7956160637396222,0.8212810980538036,0.8476582577018262
36,0.0,0.025573063796104616,0.0
36,0.025573063796104616,0.05114612759220923,0.0
36,0.05114612759220923,0.07671919138831385,0.0
36,0.07671919138831385,0.10229225518441847,0.0
36,0.10229225518441847,0.12786531898052308,0.0
36,0.12786531898052308,0.1534383827766277,0.0
36,0.1534383827766277,0.17901144657273232,0.0
36,0.17901144657273232,0.20458451036883693,0.0
36,0.20458451036883693,0.23015757416494154,0.0
36,0.23015757416494154,0.25573063796104617,0.0
36,0.25573063796104617,0.2813037017571508,0.0
36,0.2813037017571508,0.3068767655532554,0.0
36,0.3068767655532554,0.33244982934936,0.0
36,0.33244982934936,0.35802289314546465,0.0
36,0.35802289314546465,0.3835959569415692,0.0
36,0.3835959569415692,0.40916902073767386,0.0
36,0.40916902073767386,0.4347420845337785,0.0
36,0.4347420845337785,0.4603151483298831,0.0
36,0.4603151483298831,0.4858882121259877,0.0
36,0.4858882121259877,0.5114612759220923,0.4423275430636872
36,0.5114612759220923,0.5370343397181969,1.4008208114392047
36,0.5370343397181969,0.5626074035143016,4.002633736836569
36,0.5626074035143016,0.5881804673104062,4.734637330189777
36,0.5881804673104062,0.6137535311065108,2.512818192362258
36,0.6137535311065108,0.6393265949026155,1.4011541550129527
36,0.6393265949026155,0.66489965869872,1.0994140636604766
36,0.66489965869872,0.6904727224948246,0.17964964165958752
36,0.6904727224948246,0.7160457862909293,0.0
36,0.7160457862909293,0.7416188500870339,0.05177428463640415
36,0.7416188500870339,0.7671919138831385,0.19329595045410503
36,0.7671919138831385,0.7927649776792431,0.813733704715333
36,0.7927649776792431,0.8183380414753477,0.974806996357102
37,0.0,0.025660663647367948,0.0
37,0.025660663647367948,0.051321327294735895,0.0
37,0.051321327294735895,0.07698199094210384,0.0
37,0.07698199094210384,0.10264265458947179,0.0
37,0.10264265458947179,0.12830331823683974,0.0
37,0.12830331823683974,0.15396398188420768,0.0
37,0.15396398188420768,0.17962464553157564,0.0
37,0.17962464553157564,0.20528530917894358,0.0
37,0.20528530917894358,0.23094597282631152,0.0
37,0.23094597282631152,0.2566066364736795,0.0
37,0.2566066364736795,0.28226730012104745,0.0
37,0.28226730012104745,0.30792796376841536,0.0
37,0.30792796376841536,0.3335886274157833,0.0
37,0.3335886274157833,0.3592492910631513,0.0
37,0.3592492910631513,0.3849099547105192,0.0
37,0.3849099547105192,0.41057061835788716,0.0
37,0.41057061835788716,0.4362312820052551,0.0
37,0.4362312820052551,0.46189194565262304,0.0
37,0.46189194565262304,0.487552609299991,0.0
37,0.487552609299991,0.513213272947359,0.4423275430636866
37,0.513213272947359,0.5388739365947269,1.5008794408277175
37,0.5388739365947269,0.5645346002420949,3.7297268911431725
37,0.5645346002420949,0.5901952638894628,4.734637330189784
37,0.5901952638894628,0.6158559275368307,2.7412562098497295
37,0.6158559275368307,0.6415165911841987,1.4712118627636048
37,0.6415165911841987,0.6671772548315666,0.970071232641593
37,0.6671772548315666,0.6928379184789346,0.1796496416595872
37,0.6928379184789346,0.7184985821263026,0.0
37,0.7184985821263026,0.7441592457736704,0.0
37,0.7441592457736704,0.7698199094210384,0.19329595045410458
37,0.7698199094210384,0.7954805730684064,0.7685262766755935
37,0.7954805730684064,0.8211412367157743,0.9324240834720088
38,0.0,0.025665898839985147,0.0
38,0.025665898839985147,0.051331797679970294,0.0
38,0.051331797679970294,0.07699769651995544,0.0
38,0.07699769651995544,0.10266359535994059,0.0
38,0.10266359535994059,0.12832949419992573,0.0
38,0.12832949419992573,0.1539953930399109,0.0
38,0.1539953930399109,0.17966129187989602,0.0
38,0.17966129187989602,0.20532719071988118,0.0
38,0.20532719071988118,0.23099308955986633,0.0
38,0.23099308955986633,0.25665898839985146,0.0
38,0.25665898839985146,0.2823248872398366,0.0
38,0.2823248872398366,0.3079907860798218,0.0
38,0.3079907860798218,0.33365668491980693,0.0
38,0.33365668491980693,0.35932258375979204,0.0
38,0.35932258375979204,0.3849884825997772,0.0
38,0.3849884825997772,0.41065438143976235,0.0
38,0.41065438143976235,0.4363202802797475,0.0
38,0.4363202802797475,0.46198617911973267,0.0
38,0.46198617911973267,0.48765207795971777,0.0
38,0.48765207795971777,0.5133179767997029,0.33174565729776506
38,0.5133179767997029,0.5389838756396881,1.7009966996047456
38,0.5389838756396881,0.5646497744796732,3.6387579425787107
38,0.5646497744796732,0.5903156733196584,4.734637330189765
38,0.5903156733196584,0.6159815721596436,2.665110204020571
38,0.6159815721596436,0.6416474709996287,1.6813849860155479
38,0.6416474709996287,0.6673133698396139,0.7113855706038353
38,0.6673133698396139,0.6929792686795989,0.2994160694326466
38,0.6929792686795989,0.7186451675195841,0.0
38,0.7186451675195841,0.7443110663595692,0.0
38,0.7443110663595692,0.7699769651995544,0.1932959504541045
38,0.7699769651995544,0.7956428640395395,0.7685262766755954
38,0.7956428640395395,0.8213087628795247,0.9324240834720078
39,0.0,0.025675045675885123,0.0
39,0.025675045675885123,0.051350091351770245,0.0
39,0.051350091351770245,0.07702513702765537,0.0
39,0.07702513702765537,0.10270018270354049,0.0
39,0.10270018270354049,0.1283752283794256,0.0
39,0.1283752283794256,0.15405027405531074,0.0
39,0.15405027405531074,0.17972531973119585,0.0
39,0.17972531973119585,0.20540036540708098,0.0
39,0.20540036540708098,0.23107541108296611,0.0
39,0.23107541108296611,0.2567504567588512,0.0
39,0.2567504567588512,0.28242550243473635,0.0
39,0.28242550243473635,0.3081005481106215,0.0
39,0.3081005481106215,0.3337755937865066,0.0
39,0.3337755937865066,0.3594506394623917,0.0
39,0.3594506394623917,0.38512568513827683,0.0
39,0.38512568513827683,0.41080073081416196,0.0
39,0.41080073081416196,0.4364757764900471,0.0
39,0.4364757764900471,0.46215082216593223,0.0
39,0.46215082216593223,0.4878258678418173,0.0
39,0.4878258678418173,0.5135009135177024,0.44232754306368743
39,0.5135009135177024,0.5391759591935876,1.9011139583817684
39,0.5391759591935876,0.5648510048694727,3.456820045449781
39,0.5648510048694727,0.5905260505453578,4.3193182661380405
39,0.5905260505453578,0.616201096221243,3.1981322448246803
39,0.616201096221243,0.641876141897128,1.541269570514255
39,0.641876141897128,0.6675511875730132,0.7760569861132739
39,0.6675511875730132,0.6932262332488983,0.17964964165958747
39,0.6932262332488983,0.7189012789247834,0.0
39,0.7189012789247834,0.7445763246006686,0.0
39,0.7445763246006686,0.7702513702765537,0.28994392568115734
39,0.7702513702765537,0.7959264159524388,0.6781114205961116
39,0.7959264159524388,0.8216014616283239,0.9324240834720093
