Round,Character,Score,Rank
2,Lucas,21.44,1
2,Sonic,21.395,2
2,Ridley,21.125,3
2,Banjo & Kazooie,20.75,4
2,Ganondorf,19.725,5
2,Sephiroth,19.7,6
2,Bowser,19.48,7
2,Ike,18.98,8
2,Chrom,18.61,9
2,Young Link,18.515,10
2,Incineroar,18.015,11
2,Zelda,17.875,12
2,Min Min,17.865,13
2,Wolf,17.68,14
2,Dr Mario,17.435000000000002,15
2,Cloud,17.395,16
2,King K Rool,16.575,17
2,Ice Climbers,16.455,18
2,Isabelle,16.29,19
2,Donkey Kong,16.045,20
2,Piranha Plant,15.87,21
2,Captain Falcon,15.735,22
2,Link,15.695,23
2,Dark Pit,15.255,24
2,Pit,15.005,25
2,Pyra & Mythra,14.83,26
2,Hero,14.735,27
2,Wario,14.685,28
2,Duck Hunt,14.565,29
2,Sora,14.23,30
2,Mii Swordfighter,13.55,31
2,Luigi,13.415,32
2,Kirby,12.95,33
2,Wii Fit Trainer,12.95,34
2,Inkling,12.92,35
2,Falco,12.895,36
2,Ness,12.87,37
2,Robin,12.755,38
2,Terry,12.465,39
2,Greninja,12.425,40
2,Mewtwo,12.225,41
2,Byleth,11.92,42
2,Shulk,11.405,43
2,Mr Game & Watch,11.375,44
2,Lucario,11.205,45
2,Zero Suit Samus,10.9,46
2,Roy,10.73,47
2,Steve,10.7,48
2,King Dedede,10.57,49
2,Sheik,10.55,50
2,Dark Samus,10.4,51
2,Little Mac,10.135,52
2,Corrin,10.105,53
2,Pokemon Trainer,10.085,54
2,Snake,9.95,55
2,Bowser Jr,9.615,56
2,Peach,9.505,57
2,ROB,9.075,58
2,Palutena,8.780000000000001,59
2,Jigglypuff,8.65,60
2,PacMan,8.615,61
2,Daisy,8.5,62
2,Yoshi,8.405000000000001,63
2,Pikachu,8.395,64
2,Richter,8.395,65
2,Mario,8.2,66
2,Samus,8.135,67
2,Fox,8.09,68
2,Toon Link,7.535,69
2,Marth,7.479999999999999,70
2,Olimar,6.925,71
2,Rosalina & Luma,6.505000000000001,72
2,Villager,6.385,73
2,Mii Brawler,5.695,74
2,Mii Gunner,5.375,75
2,Ryu,4.83,76
2,Lucina,4.49,77
2,Pichu,4.035,78
2,Diddy Kong,3.71,79
2,Meta Knight,2.4650000000000003,80
2,Bayonetta,1.125,81
2,Joker,0.7949999999999999,82
2,Simon,0.7850000000000001,83
2,Mega Man,0.72,84
2,Kazuya,0.365,85
2,Ken,0.25,86
3,Meta Knight,9.82,1
3,Roy,9.411,2
3,Pyra & Mythra,9.349,3
3,King Dedede,8.622,4
3,Samus,8.362,5
3,Toon Link,8.322,6
3,Pikachu,8.005,7
3,Mii Gunner,7.776,8
3,Mario,7.69,9
3,Yoshi,7.653,10
3,Mr Game & Watch,7.296,11
3,Rosalina & Luma,7.089,12
3,Mii Brawler,6.649,13
3,Fox,6.618,14
3,Peach,6.319,15
3,Byleth,6.122,16
3,Sheik,5.935,17
3,Marth,5.812,18
3,Palutena,5.091,19
3,Villager,4.429,20
3,Greninja,2.752,21
3,Richter,2.543,22
3,Ryu,1.988,23
3,Olimar,1.911,24
3,Lucina,1.0,25
3,Terry,0.891,26
3,Diddy Kong,0.658,27
3,Zero Suit Samus,0.633,28
3,Pichu,0.515,29
3,Shulk,0.489,30
3,Snake,0.324,31
3,Daisy,-0.82,32
4,Zelda,9.848,1
4,Meta Knight,9.82,2
4,Roy,9.411,3
4,Link,9.379,4
4,Pyra & Mythra,9.349,5
4,Ice Climbers,8.981,6
4,Ike,8.901,7
4,Chrom,8.756,8
4,King Dedede,8.622,9
4,Dr Mario,8.594,10
4,Isabelle,8.554,11
4,Duck Hunt,8.466,12
4,Samus,8.362,13
4,Toon Link,8.322,14
4,Ridley,8.257,15
4,Incineroar,8.093,16
4,Luigi,8.006,17
4,Pikachu,8.005,18
4,Ganondorf,7.91,19
4,Kirby,7.817,20
4,Mii Gunner,7.776,21
4,Min Min,7.698,22
4,Mario,7.69,23
4,Lucas,7.668,24
4,Yoshi,7.653,25
4,Falco,7.377,26
4,Pit,7.363,27
4,Cloud,7.348,28
4,Mr Game & Watch,7.296,29
4,Captain Falcon,7.265,30
4,Dark Samus,7.185,31
4,King K Rool,7.163,32
4,Wii Fit Trainer,7.114,33
4,Rosalina & Luma,7.089,34
4,Sephiroth,7.062,35
4,Inkling,7.044,36
4,Pokemon Trainer,6.948,37
4,Lucario,6.939,38
4,Hero,6.899,39
4,Bowser Jr,6.85,40
4,Mewtwo,6.763,41
4,Mii Brawler,6.649,42
4,Donkey Kong,6.64,43
4,Fox,6.618,44
4,ROB,6.595,45
4,Little Mac,6.576,46
4,Sora,6.365,47
4,Peach,6.319,48
4,Ness,6.279,49
4,Byleth,6.122,50
4,Sheik,5.935,51
4,PacMan,5.821,52
4,Marth,5.812,53
4,Banjo & Kazooie,5.703,54
4,Mii Swordfighter,5.474,55
4,Bowser,5.266,56
4,Sonic,5.192,57
4,Palutena,5.091,58
4,Jigglypuff,4.652,59
4,Villager,4.429,60
4,Greninja,2.752,61
4,Piranha Plant,2.635,62
4,Richter,2.543,63
4,Ryu,1.988,64
4,Olimar,1.911,65
4,Dark Pit,1.263,66
4,Lucina,1.0,67
4,Terry,0.891,68
4,Diddy Kong,0.658,69
4,Wolf,0.648,70
4,Zero Suit Samus,0.633,71
4,Pichu,0.515,72
4,Wario,0.49,73
4,Shulk,0.489,74
4,Snake,0.324,75
4,Young Link,0.154,76
4,Corrin,0.118,77
4,Robin,0.033,78
4,Daisy,-0.82,79
4,Steve,-1.216,80
5,Pyra & Mythra,18.587,1
5,Toon Link,17.144,2
5,Meta Knight,16.899,3
5,Mii Gunner,16.525,4
5,Pokemon Trainer,15.565,5
5,Roy,15.508,6
5,Luigi,15.003,7
5,King Dedede,14.931,8
5,Bowser,14.892,9
5,Samus,14.825,10
5,Pikachu,14.707,11
5,Bowser Jr,14.347,12
5,Mewtwo,14.288,13
5,Yoshi,14.049,14
5,Rosalina & Luma,13.814,15
5,Sonic,13.451,16
5,Byleth,13.119,17
5,ROB,12.927,18
5,Sora,12.86,19
5,Donkey Kong,12.719,20
5,Mr Game & Watch,12.334,21
5,Little Mac,12.323,22
5,Piranha Plant,11.701,23
5,Dark Pit,9.892,24
5,Zelda,9.848,25
5,Link,9.379,26
5,Ice Climbers,8.981,27
5,Ike,8.901,28
5,Wii Fit Trainer,8.776,29
5,Chrom,8.756,30
5,Dr Mario,8.594,31
5,Isabelle,8.554,32
5,Young Link,8.527,33
5,Banjo & Kazooie,8.487,34
5,Duck Hunt,8.466,35
5,Ridley,8.257,36
5,Incineroar,8.093,37
5,Marth,8.034,38
5,PacMan,8.027,39
5,Ganondorf,7.91,40
5,Kirby,7.817,41
5,Min Min,7.698,42
5,Lucas,7.668,43
5,Dark Samus,7.488,44
5,Falco,7.377,45
5,Pit,7.363,46
5,Cloud,7.348,47
5,Captain Falcon,7.265,48
5,Mario,7.233,49
5,King K Rool,7.163,50
5,Lucario,7.107,51
5,Sephiroth,7.062,52
5,Inkling,7.044,53
5,Mii Brawler,7.03,54
5,Hero,6.899,55
5,Fox,6.721,56
5,Sheik,6.564,57
5,Peach,6.319,58
5,Mii Swordfighter,5.794,59
5,Ness,5.793,60
5,Palutena,5.325,61
5,Jigglypuff,4.771,62
5,Villager,4.429,63
5,Wolf,3.447,64
5,Greninja,2.752,65
5,Richter,2.543,66
5,Ryu,1.988,67
5,Olimar,1.911,68
5,Robin,1.572,69
5,Lucina,1.0,70
5,Terry,0.891,71
5,Diddy Kong,0.658,72
5,Zero Suit Samus,0.633,73
5,Pichu,0.515,74
5,Wario,0.49,75
5,Shulk,0.489,76
5,Snake,0.324,77
5,Corrin,0.118,78
5,Daisy,-0.82,79
5,Steve,-1.216,80
6,Zelda,19.08,1
6,Pyra & Mythra,18.587,2
6,Chrom,18.472,3
6,Dr Mario,17.753,4
6,Ridley,17.5,5
6,Kirby,17.216,6
6,Link,17.154,7
6,Toon Link,17.144,8
6,Meta Knight,16.899,9
6,King K Rool,16.678,10
6,Mii Gunner,16.525,11
6,Ike,15.992,12
6,Min Min,15.767,13
6,Cloud,15.721,14
6,Ice Climbers,15.72,15
6,Isabelle,15.615,16
6,Pokemon Trainer,15.565,17
6,Roy,15.508,18
6,Luigi,15.003,19
6,King Dedede,14.931,20
6,Bowser,14.892,21
6,Samus,14.825,22
6,Pikachu,14.707,23
6,Bowser Jr,14.347,24
6,Mewtwo,14.288,25
6,Yoshi,14.049,26
6,Falco,13.999,27
6,Rosalina & Luma,13.814,28
6,Hero,13.763,29
6,Sonic,13.451,30
6,Sephiroth,13.138,31
6,Byleth,13.119,32
6,ROB,12.927,33
6,Sora,12.86,34
6,Donkey Kong,12.719,35
6,Captain Falcon,12.658,36
6,Mr Game & Watch,12.334,37
6,Little Mac,12.323,38
6,Piranha Plant,11.701,39
6,Incineroar,11.358,40
6,Duck Hunt,10.32,41
6,Dark Pit,9.892,42
6,Lucas,9.671,43
6,Wii Fit Trainer,8.776,44
6,Young Link,8.527,45
6,Banjo & Kazooie,8.487,46
6,Ganondorf,8.181,47
6,Marth,8.034,48
6,PacMan,8.027,49
6,Pit,7.649,50
6,Dark Samus,7.488,51
6,Mario,7.233,52
6,Lucario,7.107,53
6,Mii Brawler,7.03,54
6,Inkling,6.952,55
6,Fox,6.721,56
6,Sheik,6.564,57
6,Peach,6.319,58
6,Mii Swordfighter,5.794,59
6,Ness,5.793,60
6,Palutena,5.325,61
6,Jigglypuff,4.771,62
6,Villager,4.429,63
6,Wolf,3.447,64
6,Greninja,2.752,65
6,Richter,2.543,66
6,Ryu,1.988,67
6,Olimar,1.911,68
6,Robin,1.572,69
6,Lucina,1.0,70
6,Terry,0.891,71
6,Diddy Kong,0.658,72
6,Zero Suit Samus,0.633,73
6,Pichu,0.515,74
6,Wario,0.49,75
6,Shulk,0.489,76
6,Snake,0.324,77
6,Corrin,0.118,78
6,Daisy,-0.82,79
6,Steve,-1.216,80
7,Mii Gunner,24.949,1
7,Roy,23.475,2
7,King Dedede,23.067,3
7,Meta Knight,22.496,4
7,Yoshi,22.212,5
7,Sora,22.191,6
7,Mewtwo,22.023,7
7,Pokemon Trainer,21.959,8
7,Sephiroth,21.732,9
7,Falco,21.635,10
7,Luigi,21.584,11
7,Samus,21.199,12
7,Bowser Jr,20.86,13
7,Hero,20.755,14
7,Piranha Plant,20.268,15
7,Pikachu,20.03,16
7,Rosalina & Luma,19.817,17
7,Donkey Kong,19.787,18
7,Little Mac,19.751,19
7,Zelda,19.08,20
7,ROB,18.702,21
7,Pyra & Mythra,18.587,22
7,Chrom,18.472,23
7,Dark Pit,17.903,24
7,Dr Mario,17.753,25
7,Ridley,17.5,26
7,Banjo & Kazooie,17.272,27
7,Kirby,17.216,28
7,Link,17.154,29
7,Toon Link,17.144,30
7,King K Rool,16.678,31
7,Lucas,16.362,32
7,Young Link,16.34,33
7,Byleth,16.1,34
7,Ike,15.992,35
7,Min Min,15.767,36
7,Cloud,15.721,37
7,Ice Climbers,15.72,38
7,Isabelle,15.615,39
7,Wii Fit Trainer,15.361,40
7,Mr Game & Watch,15.335,41
7,Bowser,14.892,42
7,Sonic,13.451,43
7,Ganondorf,12.938,44
7,Duck Hunt,12.726,45
7,Captain Falcon,12.496,46
7,Incineroar,11.598,47
7,Marth,8.034,48
7,PacMan,8.027,49
7,Pit,7.649,50
7,Dark Samus,7.488,51
7,Inkling,7.255,52
7,Mario,7.233,53
7,Lucario,7.107,54
7,Mii Brawler,7.03,55
7,Fox,6.721,56
7,Sheik,6.564,57
7,Peach,6.319,58
7,Mii Swordfighter,5.794,59
7,Ness,5.793,60
7,Palutena,5.325,61
7,Jigglypuff,4.771,62
7,Villager,4.429,63
7,Wolf,3.447,64
7,Greninja,2.752,65
7,Richter,2.543,66
7,Ryu,1.988,67
7,Olimar,1.911,68
7,Robin,1.572,69
7,Lucina,1.0,70
7,Terry,0.891,71
7,Diddy Kong,0.658,72
7,Zero Suit Samus,0.633,73
7,Pichu,0.515,74
7,Wario,0.49,75
7,Shulk,0.489,76
7,Snake,0.324,77
7,Corrin,0.118,78
7,Daisy,-0.82,79
7,Steve,-1.216,80
8,Chrom,28.767,1
8,Zelda,27.603,2
8,Pyra & Mythra,26.396,3
8,Ridley,26.336,4
8,Min Min,25.864,5
8,Toon Link,25.86,6
8,Link,25.839,7
8,Kirby,25.771,8
8,Ike,25.666,9
8,Mii Gunner,24.949,10
8,Cloud,24.324,11
8,Ice Climbers,23.782,12
8,King K Rool,23.549,13
8,Roy,23.475,14
8,King Dedede,23.067,15
8,Meta Knight,22.496,16
8,Yoshi,22.212,17
8,Sora,22.191,18
8,Mewtwo,22.023,19
8,Pokemon Trainer,21.959,20
8,Bowser,21.821,21
8,Sephiroth,21.732,22
8,Falco,21.635,23
8,Luigi,21.584,24
8,Samus,21.199,25
8,Bowser Jr,20.86,26
8,Hero,20.755,27
8,Piranha Plant,20.268,28
8,Pikachu,20.03,29
8,Isabelle,20.03,30
8,Rosalina & Luma,19.817,31
8,Donkey Kong,19.787,32
8,Little Mac,19.751,33
8,Sonic,19.74,34
8,ROB,18.702,35
8,Dr Mario,18.423,36
8,Dark Pit,17.903,37
8,Banjo & Kazooie,17.272,38
8,Lucas,16.362,39
8,Young Link,16.34,40
8,Byleth,16.1,41
8,Wii Fit Trainer,15.361,42
8,Mr Game & Watch,15.335,43
8,Ganondorf,12.938,44
8,Duck Hunt,12.726,45
8,Captain Falcon,12.496,46
8,Incineroar,11.598,47
8,Marth,8.034,48
8,PacMan,8.027,49
8,Pit,7.649,50
8,Dark Samus,7.488,51
8,Inkling,7.255,52
8,Mario,7.233,53
8,Lucario,7.107,54
8,Mii Brawler,7.03,55
8,Fox,6.721,56
8,Sheik,6.564,57
8,Peach,6.319,58
8,Mii Swordfighter,5.794,59
8,Ness,5.793,60
8,Palutena,5.325,61
8,Jigglypuff,4.771,62
8,Villager,4.429,63
8,Wolf,3.447,64
8,Greninja,2.752,65
8,Richter,2.543,66
8,Ryu,1.988,67
8,Olimar,1.911,68
8,Robin,1.572,69
8,Lucina,1.0,70
8,Terry,0.891,71
8,Diddy Kong,0.658,72
8,Zero Suit Samus,0.633,73
8,Pichu,0.515,74
8,Wario,0.49,75
8,Shulk,0.489,76
8,Snake,0.324,77
8,Corrin,0.118,78
8,Daisy,-0.82,79
8,Steve,-1.216,80
