condition,molecule,label,ensemble,temperature_K,pressure_kPa,molecules,frames,production_ps,angular_kl_nats,msd_final_nm2,measured_temperature_K,measured_temperature_K_block_se,potential_kJ_mol_molecule,potential_kJ_mol_molecule_block_se,density_g_cm3,density_g_cm3_block_se,fcc_order,fcc_order_block_se,polar_order,polar_order_block_se,nematic_order,nematic_order_block_se,multipolar_order,multipolar_order_block_se,a1_squared,a1_squared_block_se,a2_squared,a2_squared_block_se,a3_squared,a3_squared_block_se,a4_squared,a4_squared_block_se,a5_squared,a5_squared_block_se,a6_squared,a6_squared_block_se
glycerol_p00_t00,glycerol,Glycerol-inspired,npt,180.0,10.0,32,60,3.0,0.16663234053448991,0.023038624461022766,239.2634763607311,28.502357917776028,-41.011247032970736,2.2609554735136403,1.153290447495329,0.06475704284815285,0.7073784390194953,0.14440510063831957,0.2532066544910296,0.015279642591532833,0.17374972083480625,0.02507095437001601,0.11000367392223692,0.003907968892436034,0.04570864590275203,0.009439761576381342,0.007790622816850136,0.009700733501341739,-0.008309140752729217,0.0023110503666372182,0.002803142272631795,0.0036693436718680315,-0.00038694268176282565,0.0022962548780270406,-0.0014631091588637535,0.001805270897938675
glycerol_p00_t01,glycerol,Glycerol-inspired,npt,300.0,10.0,32,60,3.0,0.2736616204010553,0.003635466024585584,288.22024024067815,11.317651423363888,-43.3381306625486,0.25340845033830517,1.216399093029674,0.004455103971887933,0.8933545368990016,0.010646419402754277,0.3735780083638644,0.06643825185705089,0.15650168858402858,0.02126313694164218,0.15693632253452097,0.028162414418029642,0.1303961747121176,0.053194628016303924,0.00494313745817873,0.00651727814090261,0.0022269949859854404,0.0037944854793429757,0.0019833847453684527,0.00438756757614121,-0.000413096533682272,0.0021677023289509083,0.0024414808623911917,0.002060844291232673
glycerol_p00_t02,glycerol,Glycerol-inspired,npt,600.0,10.0,32,60,3.0,0.1020665852508641,0.005703961223852576,515.2463263039813,34.4195091372193,-39.04256940220512,0.8404564491191059,1.17022870035012,0.012483647269719251,0.8286410887782311,0.011327250542882783,0.22855324968982513,0.025659045576102348,0.13885808110427972,0.0079983932299406,0.09854956179995716,0.004672450948671093,0.02789127807780166,0.01169899684381908,-0.0020722560656166377,0.0026334373857334176,0.0018075062741709487,0.003223727250190037,0.0014050748537777526,0.0030980352607972743,-0.0007623669153526339,0.0034691119141102827,0.003362431192560367,0.0028791472962388454
glycerol_p00_t03,glycerol,Glycerol-inspired,npt,1000.0,10.0,32,60,3.0,0.0720915257862354,0.029296118060905728,855.7823305948734,41.76158564547652,-29.89919149068863,1.0737635845893647,1.0345137233466302,0.025858749434902323,0.48456891263762003,0.08351550235404356,0.19883291282472368,0.017342695744144623,0.14723794323963207,0.01208849802920338,0.08778714012950119,0.005207352245724024,0.014651428765428232,0.008255698433935407,0.0015653031895462965,0.004036443156467009,0.0021690848371307024,0.0008031730386722999,-0.0023561853912412983,0.003807992289778358,0.002048068761784117,0.002058813009006689,0.0003946017316703404,0.0020187488541680175
glycerol_p00_t04,glycerol,Glycerol-inspired,npt,1600.0,10.0,32,60,3.0,0.04483074959023413,0.5154567618520458,1586.9138170160072,81.65108482869591,-17.325305895970622,1.0911429589424007,0.7134800839731487,0.04229972549253578,0.05408741308963771,0.008833095874088927,0.14962175907120795,0.013270137003716322,0.14621166230061056,0.014485320643857266,0.07328492632041536,0.0031659673919101146,-0.005798964299014494,0.004585716824430382,0.0005722888171167405,0.005937936141711948,0.000279601327901621,0.0023025179973691847,0.0009066474035096905,0.0035523279757499935,0.0013331111548407174,0.0024164706673340227,-0.001245673258080711,0.002789838345613075
glycerol_p01_t00,glycerol,Glycerol-inspired,npt,180.0,101.325,32,60,3.0,0.17568884056791248,0.027087098789946393,199.58718727936622,11.53611638815989,-36.597516721190495,1.2187020371940942,1.0130840756231998,0.04099913296531771,0.3946007005491155,0.0710662563012997,0.17935822558740586,0.039592123533710055,0.14045069260513035,0.009232310742912813,0.09719501782307757,0.009097227649411297,0.007321313524716897,0.015242398439744198,-0.0022821465836592994,0.003028051914268769,0.006931167625447728,0.0058016960644416415,0.01075078692030495,0.004920228568230818,0.004099933707213506,0.002175216672554382,0.001333107747552518,0.0007186223005115625
glycerol_p01_t01,glycerol,Glycerol-inspired,npt,300.0,101.325,32,60,3.0,0.21573771475613893,0.003189256615615508,292.8908302560398,5.447045411742709,-43.35887693629986,0.1661659513028671,1.227788627304111,0.0041182613750698725,0.8953785116613361,0.004937244434609652,0.31390001059035966,0.037224629571567976,0.13805160428888727,0.005952830184748003,0.12695856316369242,0.013947520697427173,0.07913722244616096,0.023923933127638897,-6.593385011753697e-05,0.003373655148347663,-0.003185686061475008,0.003757564786441589,-0.0010300409737172796,0.0020351613554530227,0.0007689779068404087,0.0017697239959011107,0.0011579012012980512,0.0025606083948985334
glycerol_p01_t02,glycerol,Glycerol-inspired,npt,600.0,101.325,32,60,3.0,0.057670278399648355,0.007631919021821264,557.0899644805764,24.69692149738351,-38.24036561011251,0.6934211576909344,1.1768516372446625,0.015176430349869766,0.8111386760608925,0.024941079729634736,0.2321797742999588,0.023895866780231353,0.14507417279784088,0.021584671365124132,0.09127346054053247,0.01607270710748733,0.030792835238291065,0.0101759886492874,0.00040917875466595034,0.009180334561516849,-0.0013372139503221264,0.0033423825698462245,-0.005459202025215553,0.0009078759103820272,0.00034226194650798295,0.002946831653102989,-0.0030547278982832396,0.0017186953585383489
glycerol_p01_t03,glycerol,Glycerol-inspired,npt,1000.0,101.325,32,60,3.0,0.06102233150010131,0.06894825021797994,975.4203301987762,12.620593484947412,-28.784794349663045,0.8768114669768375,1.041946300330192,0.015559601859050125,0.3383271343399545,0.08683452929616535,0.20664670779082045,0.014939788070960325,0.15663012467112464,0.010499767984654379,0.08285222039559535,0.005297122935156721,0.01734243067978316,0.006193293631835545,0.002514295509017947,0.004581243646459512,-0.004335045373069542,0.0036491655918786127,-0.0009337866656647012,0.0015809805468146307,-0.001371014285231596,0.0023465694794349377,-0.0029313044319628392,0.0007305512162167948
glycerol_p01_t04,glycerol,Glycerol-inspired,npt,1600.0,101.325,32,60,3.0,0.06285788688792755,0.34392120122518194,1753.9835513642329,36.915955925375854,-19.110712870350707,0.5344370293140859,0.8423638424019012,0.026549406697609697,0.06464740304099574,0.001743520239030293,0.17561253243394442,0.0019003922489064184,0.157096254921348,0.008013046910902955,0.0841058923947457,0.0031356371614057878,0.005035120816370184,0.001603522023267623,0.006717555576077812,0.0029710624810838,0.0032583979957014476,0.004186852213836281,-0.0011896315887939626,0.0013484202027515893,0.0004382401600069257,0.003317102880860829,-0.0005512522402786478,0.0015429499871808276
glycerol_p02_t00,glycerol,Glycerol-inspired,npt,180.0,1000.0,32,60,3.0,0.15090346260170379,0.034202687200670566,208.38106396550896,8.33206619035944,-36.69393864007564,1.0387316839600502,1.0530990680146832,0.039898395895299234,0.2293873162008478,0.015026996862991445,0.18212780908872567,0.05100172955876574,0.12466664014980919,0.0059982585036750385,0.07474860635376518,0.017825806588305976,0.012092144318738838,0.020834046153616198,-0.009632602751547021,0.0012235049673384544,-0.0036212178496530466,0.006402105023169151,-0.0003686770509531832,0.0026508597974100076,-0.0025692304763740496,0.0034880949018643325,-0.0005770719713030546,0.0017483045560534771
glycerol_p02_t01,glycerol,Glycerol-inspired,npt,300.0,1000.0,32,60,3.0,0.15767801414175125,0.01445727722456714,305.9526970625977,10.855888183689407,-37.98074436412313,0.192659168228227,1.1281360697031022,0.006419366934119812,0.07604608749676096,0.0051061898312393,0.19547106806925177,0.022308569687188213,0.19405191710387185,0.02756766802467518,0.09769584664095061,0.008866504102897264,0.01169758283926849,0.009000286725980041,0.017711914783367252,0.009196980475594087,0.0019294030829354806,0.0028863128760628198,-0.0010623730994626533,0.0012076627195278717,0.004144446167171636,0.0017379701350350235,0.00038490758416335016,0.001954147285570666
glycerol_p02_t02,glycerol,Glycerol-inspired,npt,600.0,1000.0,32,60,3.0,0.1223996284980313,0.09134231082169897,538.4429432060531,11.882381294258199,-28.721289604873416,0.9075390848648872,0.9279814636397419,0.024221528121650595,0.04602516000123069,0.01152793953231542,0.254359759543187,0.02096864662804978,0.14048384073449013,0.01853234954785244,0.10468543267002657,0.008045144479801427,0.03824272926275001,0.010977112591863026,2.3418817341186507e-06,0.007760555359768722,0.002671397227361384,0.005741119032152595,-0.002885084481467681,0.0032410686716487307,-0.0003355688917977565,0.0012768336605923835,-0.001218099448161421,0.0033124053451495526
glycerol_p02_t03,glycerol,Glycerol-inspired,npt,1000.0,1000.0,32,60,3.0,0.05085424880584423,0.25409484290153167,881.7822182421005,16.58685429107916,-20.819360058077766,1.552341746777466,0.765526755603952,0.049236813717826684,0.039700718377416976,0.0036769739916244245,0.1289526715838561,0.02096547519290725,0.13052626719137975,0.00921074309639133,0.06366147961382364,0.004263340134503965,-0.012263794293542697,0.005189371975103579,-0.005625380090196554,0.003450319863069597,0.0012500924069538126,0.0029631659338295274,-0.002568140610628038,0.0028532609606028267,0.00222795393370348,0.0028616710860633597,0.0009286862140180889,0.0009425951869341967
glycerol_p02_t04,glycerol,Glycerol-inspired,npt,1600.0,1000.0,32,60,3.0,0.05589526503003549,0.5548456912990005,1539.6491171374191,73.24540212667938,-11.256186055477235,0.3379661334713857,0.4688115720294517,0.015305361386452858,0.03396043054249662,0.00274446158485601,0.14323524472848703,0.014086179946087258,0.1537728601515169,0.01182632407164158,0.07584426858418207,0.004496237486450635,-0.006243133636129383,0.005193925225078437,0.00454908531243398,0.0050052423023853225,-0.00354598717859818,0.0011623462399667959,0.003516485307976147,0.0015479747515478534,0.0019604050954752884,0.002128425593722348,-0.001063107007614905,0.0011382858990218695
ethylene_glycol_p00_t00,ethylene_glycol,Ethylene glycol-inspired,npt,180.0,10.0,32,60,3.0,0.17358996546161784,0.019622720614772618,192.70952060517328,14.59224873945803,-26.970027975834668,1.048575242530015,0.9102998867536751,0.045670124438694476,0.3604818766519234,0.08110749273097669,0.14163524912506514,0.010266982119711103,0.20016906502094312,0.028026225344441325,0.09998857672057256,0.010897717140059864,-0.007492806010914418,0.0051497080098895035,0.02725064103897635,0.011612810737369826,0.00807730877042942,0.005247115452713794,0.004080242558918864,0.004462382615711141,0.0006202399249667597,0.0023121117989591653,-0.0019992005261928124,0.0024354991812942602
ethylene_glycol_p00_t01,ethylene_glycol,Ethylene glycol-inspired,npt,300.0,10.0,32,60,3.0,0.19106538116329713,0.004653049362808312,293.58097231272205,10.337901237664862,-32.57943796658355,0.3253636708679596,1.1227006918204263,0.0058323911637328885,0.8525247446172882,0.009138915110746486,0.3318090091349213,0.0755493040248205,0.1701893095724763,0.03232110924710952,0.1444126585079563,0.03451149415390731,0.10556591116802191,0.05979331021366472,0.013599520438940903,0.014935857543432294,-0.002177590515678852,0.0037351618039528998,0.0037912755398113924,0.005746251279900096,0.0005504356199781297,0.0030691492297868933,0.003276132305612332,0.002889325005486479
ethylene_glycol_p00_t02,ethylene_glycol,Ethylene glycol-inspired,npt,600.0,10.0,32,60,3.0,0.06917876854957165,0.012718056356241994,551.6991527298069,29.728537064713077,-26.003285664646164,0.6473743146850657,1.0165882000232525,0.01188490386201212,0.6303198575507578,0.04689822325705484,0.2387929817531916,0.02623350472127534,0.1539713625929487,0.016441160150942605,0.09672289589689237,0.008721095768612498,0.033728925849173204,0.013310129804460747,0.005190032249302799,0.004521684429718336,-0.0022852225507291493,0.0018436616449835673,-0.00018133558606969435,0.0008749118652730257,-0.0015409895804239686,0.001841529477630724,-0.0014880777548795705,0.0011930247764810119
ethylene_glycol_p00_t03,ethylene_glycol,Ethylene glycol-inspired,npt,1000.0,10.0,32,60,3.0,0.04911522173033432,0.2257470758710027,913.6123377066016,51.28087210053316,-14.636781221033905,1.0610305235547466,0.6889891943268934,0.04273383734859741,0.05636109945161828,0.014307086063604405,0.16541033513475564,0.016317396702076388,0.141477490942631,0.01160838847252664,0.07298018744733935,0.0053457703633921225,-0.00142394718934949,0.006088823978772377,0.0009375423109543643,0.005342623865358056,0.0015833976426185216,0.0028436904494032245,0.0017684620842558713,0.0012073856868808075,-0.002499166926659736,0.0006667596383557572,-0.0014238648473247865,0.001459910296217988
ethylene_glycol_p00_t04,ethylene_glycol,Ethylene glycol-inspired,npt,1600.0,10.0,32,60,3.0,0.052791423595581186,0.7004158866716561,1519.4865938950068,87.59879478905673,-8.31580060792278,0.7387509270070571,0.4539934157095116,0.037031506000858076,0.025592003348075456,0.0016515060907834076,0.17072473530655646,0.02880373894510385,0.15005110910851013,0.01670950357030275,0.07871658382391335,0.0076304450052408716,0.007810064444526191,0.011384941189501252,0.0013027392929123396,0.0057226936863731285,0.0024238231586739636,0.0012752582400134699,-0.002351594046121714,0.002129010190999404,-0.001515607299175735,0.001225454294168396,-0.0024785379103708623,0.0003544460284933332
ethylene_glycol_p01_t00,ethylene_glycol,Ethylene glycol-inspired,npt,180.0,101.325,32,60,3.0,0.11174500840292373,0.026428789967967593,215.48055554273884,12.925786343619803,-27.567275167725484,0.9115018793808184,0.9570297530448724,0.03777921080607136,0.38888902998621944,0.0628907203899964,0.21670446564242207,0.03339418066917296,0.148315916574785,0.018252972401161843,0.10270534291748272,0.012305402185449916,0.022444717978451968,0.015920712425030237,0.0029145205735808238,0.0067043327897931574,-0.0003105993899124045,0.002693765560770158,0.004176886244385379,0.004499851998871607,0.004686253636191377,0.002371220877581009,0.008156755665507002,0.0037132260531314008
ethylene_glycol_p01_t01,ethylene_glycol,Ethylene glycol-inspired,npt,300.0,101.325,32,60,3.0,0.0795435832517925,0.003455559319594779,291.0240341629221,4.793482435210745,-32.71514011910768,0.25555964992112823,1.1271831226593463,0.008801300736208897,0.8509287171947896,0.004634550877787718,0.29131204700721675,0.03288368300456026,0.13788634484998957,0.027699833251638387,0.11757825395524066,0.008887959555117075,0.06403772849947603,0.017082463719880106,-0.0028495907958833084,0.009584854910952843,-0.0023632217087565196,0.004203047176843438,-0.0016349301742399154,0.002222590751710454,-0.00268736303997279,0.0016080915398138857,-0.0010139478765668077,0.001919501930857974
ethylene_glycol_p01_t02,ethylene_glycol,Ethylene glycol-inspired,npt,600.0,101.325,32,60,3.0,0.06350419281643993,0.010419301159512635,510.9780731389026,27.25528272876386,-26.15545115756426,1.0460071366642,1.0044002842447826,0.021676595395314628,0.638121039112695,0.051455859364473826,0.23900568645867087,0.029391145121604727,0.14851283603056947,0.015021445298020445,0.10572247699171497,0.010171207473262648,0.039216612885596226,0.016518585394083313,0.0027345433516651253,0.006019094283008841,0.004787090479203467,0.000788740028248272,0.0012187412360468123,0.0013668688140746651,-0.001191921222598788,0.0008672523426361087,-0.0011641174923767317,0.0020069341260452785
ethylene_glycol_p01_t03,ethylene_glycol,Ethylene glycol-inspired,npt,1000.0,101.325,32,60,3.0,0.04984525033405722,0.217372695391039,1001.0301931691262,45.3579353578172,-15.504748137127011,0.769041355799759,0.7561443157230744,0.025159925560896444,0.04753806526928519,0.009872547422215808,0.18486878522913633,0.01597251740772783,0.12309610137136738,0.003978819418068928,0.08780011392659465,0.00619686247530481,0.009705337221205177,0.005618542651828972,-0.007215554577495031,0.002585116982936434,0.008529968732193943,0.0055774993786859555,0.0011745481538142334,0.0010887367278763348,-0.0003741887770859789,0.0020793801939814824,-0.0018488238301384143,0.0022445205572956934
ethylene_glycol_p01_t04,ethylene_glycol,Ethylene glycol-inspired,npt,1600.0,101.325,32,60,3.0,0.03517876265994205,0.8886573144558517,1639.28513414349,24.580977471742727,-10.081243305320385,0.1960388745705051,0.5488565810970635,0.01542646582815025,0.03739941088025654,0.0038781711422561766,0.1741372827854485,0.005195973525453939,0.14256533553845555,0.0019442299079460146,0.07274082372122227,0.004671993755986876,0.0030778778992696446,0.0022284177633341653,-0.0003712553844597317,0.0018413430138203546,0.00032195519147150674,0.0011008852519659947,-0.0017674655266670248,0.001959964217105034,-0.001601340443433407,0.001375177415599572,0.00010853471478216925,0.0013572583245728513
ethylene_glycol_p02_t00,ethylene_glycol,Ethylene glycol-inspired,npt,180.0,1000.0,32,60,3.0,0.1437851746556742,0.02591611606913749,190.76988179695766,6.2953483764837195,-26.389621594658067,0.8066405238713045,0.9037673120557597,0.0364064025125107,0.11122119599047102,0.010669259028226834,0.2428860889857371,0.053854534228787145,0.1541149348163569,0.013899917474364795,0.10260479093332169,0.017558880873877573,0.04117015376966925,0.028204847169085983,0.00029980897647156917,0.007006830340074934,-0.007692860337929646,0.003686870618309311,0.0010420250696017647,0.0022606934809395085,-0.001333679851403539,0.002492185547252766,-0.00015419489651876742,0.0011269483316683807
ethylene_glycol_p02_t01,ethylene_glycol,Ethylene glycol-inspired,npt,300.0,1000.0,32,60,3.0,0.10705779492222917,0.03489680853699245,291.29767135957565,10.388956961708066,-27.732543507378885,0.39773998949149086,1.006848122004885,0.011522179040807583,0.07959969444111696,0.010285518880843584,0.19299660466112087,0.03146759065829362,0.15584581430498481,0.0113596370639552,0.07839912642345094,0.018916461085011334,0.012463529252656074,0.01494757042627226,0.009391921061496283,0.006447602381509112,-1.6670907247923253e-05,0.0037867709499616615,-0.004341201610347086,0.0021595476788561292,-0.0021506189968751844,0.002553673124499581,-0.0008674228486380245,0.0016094037588173635
ethylene_glycol_p02_t02,ethylene_glycol,Ethylene glycol-inspired,npt,600.0,1000.0,32,60,3.0,0.06952434206993974,0.11717019928446398,551.6852551855769,15.565577313665443,-21.200458985081706,0.3629097709710349,0.8833118408657629,0.02000732652798968,0.04108656148693513,0.0063591552859212554,0.19822252806737917,0.03140143460343075,0.16320654993247632,0.010029398774545272,0.0865709198420504,0.009698461529202238,0.014714569275832612,0.014789275064197312,0.008347218380337067,0.0037477369710187014,-0.0019965551663818225,0.002800546457264085,-0.0013279176912034361,0.0008413713323630477,-0.0018665687222154735,0.0025993219735767044,0.0013513094942967196,0.0012482137108519764
ethylene_glycol_p02_t03,ethylene_glycol,Ethylene glycol-inspired,npt,1000.0,1000.0,32,60,3.0,0.05670691592942438,0.5280879948625655,871.8528271762054,19.242022014076376,-13.093942973485149,1.173300390845737,0.5911086457973673,0.0466244924837075,0.03206538841143543,0.004410430747987331,0.19847476501193412,0.012303019791779678,0.1625413158712912,0.006095246428343563,0.08911320313597822,0.001696404340593485,0.01375932321666324,0.004987259157593615,0.007150011134525656,0.00468925125072971,0.0033256795925904357,0.004332808318698962,-0.0009326508411285364,0.003328807767341784,0.0023115806716744046,0.002369502129445902,-0.0003197442652602755,0.001753447055846682
ethylene_glycol_p02_t04,ethylene_glycol,Ethylene glycol-inspired,npt,1600.0,1000.0,32,60,3.0,0.04721743393636546,1.2984583452286005,1581.0435619669001,40.45435619870259,-5.254080929952588,0.48048892501964546,0.2821789662394727,0.02839033546140965,0.028577524624397603,0.0032773737614773778,0.17143917095263944,0.01108867968448441,0.1628932720461341,0.010051750840222142,0.08254646458766722,0.0032366324646456892,0.0026444865220708116,0.004522317103496855,0.007528553739718145,0.004547992855172214,-0.002389788618929386,0.0018705233102243898,-0.001550630415336972,0.0021446553072475825,-0.00029522776316089023,0.0018007526350297721,0.002821985578747938,0.0008362751251951635
dmso_p00_t00,dmso,DMSO-inspired,npt,180.0,10.0,32,60,3.0,0.19133052572079076,0.025143168967838823,178.06090388555492,2.7178930104564385,-36.89779157500866,1.1705631016355604,0.9313585671681655,0.04388968938812605,0.1495967627779941,0.004299746798764191,0.2506746883807592,0.02087829229085485,0.12882306869734608,0.006521778159199432,0.09650589866860142,0.0113040092821121,0.035235844037909615,0.011666234724654178,-0.009011182612563432,0.002555565791718264,0.0029549924589932198,0.004551709150045036,-0.00026400963785043913,0.0021564656751920735,-0.0037374310248207655,0.004501987169151154,-0.0010834762101186357,0.0023411771204084435
dmso_p00_t01,dmso,DMSO-inspired,npt,300.0,10.0,32,60,3.0,0.13362089990073478,0.03013706298757344,310.7735194476514,4.54573021195781,-37.99243655171092,0.13803451966927366,1.0317408122820417,0.007093834573342261,0.07381200084955356,0.013218951110861306,0.246677945549651,0.04659533761789777,0.16414845336256445,0.022384172280066977,0.10464590270326823,0.023008460910358818,0.03871756202686192,0.027968272750469796,0.008812005095675292,0.007553091905387124,-0.004062901974532502,0.0026989966151064527,-0.0004335087059000342,0.002534963798058256,-0.00021784300607259263,0.004150401083058906,0.004051254267909135,0.004385984987053356
dmso_p00_t02,dmso,DMSO-inspired,npt,600.0,10.0,32,60,3.0,0.08060048752401058,0.09313930852012266,582.0901276585548,13.396750247428896,-30.865148192957587,0.4409372989724539,0.9196425537310225,0.01441150857397527,0.08135905945059632,0.005705806272196456,0.24802639624064096,0.044830057027961806,0.15467970180671747,0.027410311166349788,0.1069208482966637,0.01872011862975482,0.045234803005958654,0.02229821134060602,0.005798239948434743,0.011520465694404628,-0.0010083644087394191,0.004430751196143168,-0.00620095083934998,0.0018507805438953452,-0.0008475664893474598,0.0013676999139055391,0.003181762702452682,0.0005631277238796979
dmso_p00_t03,dmso,DMSO-inspired,npt,1000.0,10.0,32,60,3.0,0.056408241197197936,0.3131761535798173,921.6610806437824,20.981112879158676,-17.959190569997826,1.4595016848274303,0.6050614957390292,0.058411804664413834,0.04619549268602275,0.002186445276268249,0.19273463397684712,0.02183827043973152,0.17418437496861297,0.016310537380644363,0.09189046770088606,0.009862766301324146,0.014353896714450358,0.010753055230158877,0.01148867509382177,0.005289676929812073,-0.0038026479496264458,0.0026714922914337956,-0.0023944676726342508,0.0008212545050938748,0.0013141815979083413,0.001097241247165534,0.0017184304497341427,0.0013000953583370027
dmso_p00_t04,dmso,DMSO-inspired,npt,1600.0,10.0,32,60,3.0,0.06295899609011556,1.1310526014208109,1617.8989412084318,89.61890965130176,-4.288395334917883,0.44987174006521896,0.18835628206326877,0.019352779459547484,0.028482480143346766,0.0031124347135919827,0.18179897856343724,0.010985205031174816,0.15243671384848198,0.011223500163092162,0.08832325887818955,0.004885691651927911,0.007542679400935681,0.004072124841161742,0.0028450888137127564,0.0037505346032116866,0.004588751446961259,0.0032470726936192876,0.0017456838841895224,0.0018807273309488746,1.0289513879989503e-05,0.0008032391982062205,0.00080218119552577,0.002058671038643303
dmso_p01_t00,dmso,DMSO-inspired,npt,180.0,101.325,32,60,3.0,0.2627601553239599,0.02187003310262561,217.59074129233696,13.314858747574831,-41.58185459824277,2.5709224125115737,1.0549875797938135,0.06838294873220749,0.6172808042011846,0.13221554608715952,0.3703908395255907,0.0956329678124717,0.19630920844295371,0.022213056501296728,0.1597966479605778,0.037086881594874416,0.14168957894798367,0.07668881855924366,0.016192489979636397,0.008583264317745887,-0.0053970607354297435,0.0033473597791807883,-0.002049498915713305,0.004270544256268612,0.0011236242282812317,0.000835448972580577,-0.0010326520892346327,0.0008931742284829966
dmso_p01_t01,dmso,DMSO-inspired,npt,300.0,101.325,32,60,3.0,1.066421184682852,0.0031587303257470567,303.7403322477415,4.67195588994138,-46.78016137297377,0.3108249240371979,1.2020982845778312,0.005112859209252112,0.8991811131152948,0.0038423316901443614,0.7447411337553177,0.03459085128369829,0.42540548165811154,0.06140335861005912,0.35700280330974343,0.029069464003055417,0.5473178405289755,0.05297597827236124,0.18030621501794267,0.05250872093238279,0.04232353331004563,0.020111141296363603,0.006080826917290881,0.004744103447841098,-0.0002021661556224049,0.004557511556400655,1.7631686801148374e-05,0.002632936278661482
dmso_p01_t02,dmso,DMSO-inspired,npt,600.0,101.325,32,60,3.0,0.2712379306572777,0.0067628892253306285,492.9317496912953,17.18344923055856,-41.51932807567095,0.6799547893462976,1.1549642520239998,0.016051653781239728,0.8111492380978367,0.023305894277251223,0.46948628841430856,0.017157664889303596,0.1854582374421191,0.016394571769879206,0.19786417750229557,0.007079697873632965,0.20243622350803556,0.015693593150368078,0.019227729192822732,0.007682134864211287,-0.002539215020299659,0.006135998749042113,1.4485796481354948e-05,0.0026310076225911504,-0.004598585541100991,0.0017212633116049935,-0.003353972773837083,0.0010104571748145185
dmso_p01_t03,dmso,DMSO-inspired,npt,1000.0,101.325,32,60,3.0,0.07175492737384004,0.1571220400598748,934.675465146497,25.060543444541874,-25.93910221285087,2.4983716814977814,0.863385655383451,0.08803505517336603,0.2130223757484572,0.11849050239260411,0.1845366048557935,0.023328436244763658,0.16383466597866533,0.006012114620989381,0.08745437191697959,0.010369689450461099,0.011515551535203752,0.013229359559131099,0.006217879405029078,0.003000875244066611,-0.0029594304997140044,0.00289283854564264,-0.0009091666090156707,0.0016368733066762118,0.002708554949897956,0.002068632961055072,-0.0010292646975216056,0.0014752094702291836
dmso_p01_t04,dmso,DMSO-inspired,npt,1600.0,101.325,32,60,3.0,0.04269361681161928,0.9659437188152138,1453.9922873246965,48.620894601827665,-10.197799967067908,1.33813047513582,0.3839186645452905,0.04786621956916938,0.03037132054121484,0.004362961889257099,0.18826830656524335,0.01794396428245248,0.13590822211807327,0.008626591658508653,0.08225268276199844,0.007591943977312705,0.009894790439076146,0.008690442321035557,-0.001573199660365276,0.004535444996598547,0.0028291955652974396,0.0031405416828300396,0.0028560042958839993,0.002824382451719059,-0.0016560588765284013,0.000937765562890187,0.00029514927073975817,0.0011886156144351877
dmso_p02_t00,dmso,DMSO-inspired,npt,180.0,1000.0,32,60,3.0,0.11997999908638843,0.026387601612742284,215.45507512408045,10.236247737789917,-36.4650490148033,1.11769771194892,0.9421019183452067,0.043410542043281986,0.16253333211873475,0.02397072459106692,0.15580500849340198,0.016361630869864675,0.1627356128791617,0.004701541788178298,0.077334242810539,0.010456980803171253,-0.0032274116354227317,0.005740232856948986,0.00468497324861854,0.002608819401660523,-0.003670595121009764,0.004304685696586266,0.0037462409066208392,0.002787274945640543,0.003112764853346832,0.0037466543501533675,0.0017955255331705998,0.003566342882883845
dmso_p02_t01,dmso,DMSO-inspired,npt,300.0,1000.0,32,60,3.0,0.3901756776625544,0.006334210579403763,352.4213975806509,10.834205645176349,-44.44039051380686,0.5165679868029754,1.1726918457984747,0.008945408327491298,0.8638290269018224,0.01779253861135516,0.49386661853858793,0.06578043010676518,0.21523292484153994,0.016479982874409826,0.21653737657478447,0.031426640874578,0.237282927702801,0.05764841340366822,0.03181387269116096,0.00915232518618959,0.01197543111524871,0.004599163628780429,0.0034885592387080594,0.005167446872028021,0.0009392871996149133,0.0015382881330013658,0.0011093651203064317,0.0013293414234172825
dmso_p02_t02,dmso,DMSO-inspired,npt,600.0,1000.0,32,60,3.0,0.1056864351773743,0.006026598713789879,551.9928598879344,17.065128677157915,-39.94508308567967,0.6084707913239681,1.1316300852537915,0.012811186725801107,0.7875476620138963,0.019774693919078896,0.2812771121007777,0.051580415230536435,0.15329329640463638,0.011711304658524923,0.11985329159931636,0.0198750925270638,0.0638831977744207,0.03245348076506885,0.005243167559435219,0.005189074379197327,0.00455131791016272,0.0037592359707660106,0.0009184762784390509,0.002717548204504483,0.00021191350127655885,0.003413444158345222,-0.000524590532982651,0.0008867456706980357
dmso_p02_t03,dmso,DMSO-inspired,npt,1000.0,1000.0,32,60,3.0,0.09700771405985123,0.12150847408919971,879.812040572517,22.1970294684263,-27.18614699227084,0.9944940355505734,0.9190143376329428,0.028802210648120056,0.17258248822366426,0.08219441755405889,0.21131614805353746,0.04791670188750686,0.1663762639838591,0.01439745168719481,0.09906978332186163,0.015262906773848943,0.02991476742964346,0.023543038229199547,0.010387543173708684,0.004254296614078876,0.0008273151641567275,0.003674263355677464,0.0009045014065205561,0.0031601545629861543,-0.0017256939320244695,0.0014463428378128445,-0.0016628334602526674,0.0017500423834809137
dmso_p02_t04,dmso,DMSO-inspired,npt,1600.0,1000.0,32,60,3.0,0.05345975081498938,0.543277608420381,1465.2770240626235,45.45866025522484,-17.753114548621113,0.9407678810992586,0.6892328314080801,0.04114837023610896,0.03678949985884454,0.004082869639826041,0.16228364958703878,0.023996475656573008,0.14808228959104627,0.011860341422318572,0.0759775444613602,0.009567095847613326,-0.0005230724349837105,0.008674253399061894,0.0028674051621710925,0.004466812429702744,0.0022900821082493367,0.0017139473615015261,-0.00045610088874047626,0.0012240484318586098,0.0023915527515564966,0.0014972867853844279,-0.00293012477195794,0.00038094107980328386
